RESTAURANT,PIZZA,PRICE
dominos-berlin-mitte,New York Style Salami,"11,49Â â‚¬"
dominos-berlin-mitte,Pizza Margherita,"10,99Â â‚¬"
dominos-berlin-mitte,Pizza Salami,"11,49Â â‚¬"
dominos-berlin-mitte,Pizza Salami Supreme,"12,99Â â‚¬"
dominos-berlin-mitte,Pizza Cheese Crust Supreme,"12,99Â â‚¬"
dominos-berlin-mitte,Pizza Funghi,"11,49Â â‚¬"
dominos-berlin-mitte,Gouda Cheese Bites,"5,99Â â‚¬"
dominos-berlin-mitte,Pizza Tuna,"12,49Â â‚¬"
dominos-berlin-mitte,Pizza Caprese,"11,49Â â‚¬"
dominos-berlin-mitte,Pizza Veggie Supreme,"12,99Â â‚¬"
dominos-berlin-mitte,Pizza Prosciutto e Funghi,"11,99Â â‚¬"
dominos-berlin-mitte,Pizza Diavola,"12,49Â â‚¬"
dominos-berlin-mitte,Pizza des Monats: Chicken DÃ¶ner Large,"18,99Â â‚¬"
dominos-berlin-mitte,Pizza des Monats: Vegan Chicken DÃ¶ner Large,"18,99Â â‚¬"
dominos-berlin-mitte,Greek Style Pizza,"11,49Â â‚¬"
dominos-berlin-mitte,Lunch Salat Deluxe,"8,99Â â‚¬Nicht verfÃ¼gbar"
dominos-berlin-mitte,Lunch Salat Green Garden,"8,99Â â‚¬Nicht verfÃ¼gbar"
dominos-berlin-mitte,Lunch Pizza Individuell - Basis,"8,99Â â‚¬Nicht verfÃ¼gbar"
dominos-berlin-mitte,Besonders beliebt - HÃ¤hnchenbrust + rote Zwiebeln,"8,99Â â‚¬Nicht verfÃ¼gbar"
dominos-berlin-mitte,Besonders beliebt - Rinderhack + Mais,"8,99Â â‚¬Nicht verfÃ¼gbar"
dominos-berlin-mitte,Besonders beliebt - Broccoli + Hollandaise,"8,99Â â‚¬Nicht verfÃ¼gbar"
dominos-berlin-mitte,Besonders beliebt - Thunfisch + Mais,"8,99Â â‚¬Nicht verfÃ¼gbar"
dominos-berlin-mitte,Besonders beliebt - HÃ¤hnchenbrust + Currysauce,"8,99Â â‚¬Nicht verfÃ¼gbar"
dominos-berlin-mitte,Lunch Pasta Veggio,"8,99Â â‚¬Nicht verfÃ¼gbar"
dominos-berlin-mitte,Lunch Pasta Bolo,"8,99Â â‚¬Nicht verfÃ¼gbar"
dominos-berlin-mitte,Lunch Wrap HeiÃŸer Schlitten,"7,49Â â‚¬Nicht verfÃ¼gbar"
dominos-berlin-mitte,Lunch Wrap Veggie,"6,49Â â‚¬Nicht verfÃ¼gbar"
dominos-berlin-mitte,Cheeseburger Pizza,"12,99Â â‚¬"
dominos-berlin-mitte,New York Style Salami,"11,49Â â‚¬Beliebt"
dominos-berlin-mitte,Pizza Chicken DÃ¶ner,"14,49Â â‚¬"
dominos-berlin-mitte,Pizza Vegan Chicken DÃ¶ner,"14,49Â â‚¬"
dominos-berlin-mitte,Pizza Prosciutto Supreme,"12,99Â â‚¬"
dominos-berlin-mitte,Pizza Salami Supreme,"12,99Â â‚¬"
dominos-berlin-mitte,Pizza Conchita,"14,49Â â‚¬"
dominos-berlin-mitte,Pizza Sucuk Hollandaise,"13,49Â â‚¬"
dominos-berlin-mitte,Pizza Vegayaki,"13,99Â â‚¬"
dominos-berlin-mitte,Pizza Veggie Supreme,"12,99Â â‚¬"
dominos-berlin-mitte,Pizza Cheese Crust Supreme,"12,99Â â‚¬"
dominos-berlin-mitte,Pizza Diavola,"12,49Â â‚¬"
dominos-berlin-mitte,Pizza Dutchman,"12,49Â â‚¬"
dominos-berlin-mitte,Pizza Boston,"12,49Â â‚¬"
dominos-berlin-mitte,Pizza Chicken & Broccoli,"11,99Â â‚¬"
dominos-berlin-mitte,Pizza Tuna,"12,49Â â‚¬"
dominos-berlin-mitte,Pizza Las Vega,"12,99Â â‚¬"
dominos-berlin-mitte,Pizza Crazy Dog,"12,49Â â‚¬"
dominos-berlin-mitte,Pizza Bombay,"12,49Â â‚¬"
dominos-berlin-mitte,Pizza Lucca,"12,49Â â‚¬"
dominos-berlin-mitte,Pizza Teriyaki Chicken,"13,49Â â‚¬"
dominos-berlin-mitte,Pizza Salami,"11,49Â â‚¬Beliebt"
dominos-berlin-mitte,Pizza Margherita,"10,99Â â‚¬Beliebt"
dominos-berlin-mitte,Pizza Funghi,"11,49Â â‚¬"
dominos-berlin-mitte,Pizza Caprese,"11,49Â â‚¬"
dominos-berlin-mitte,Pizza Prosciutto e Funghi,"11,99Â â‚¬"
dominos-berlin-mitte,Pizza Wakiki,"11,99Â â‚¬"
dominos-berlin-mitte,Pizza Individuell - Basis,"9,99Â â‚¬"
dominos-berlin-mitte,Pizza Vegan Individuell - Basis,"9,99Â â‚¬"
dominos-berlin-mitte,Die Dominoâ€™s Box Pizza Salami + 2 Optionen,"9,99Â â‚¬"
dominos-berlin-mitte,Die Dominoâ€™s Box Pizza Margherita + 2 Optionen,"9,99Â â‚¬"
dominos-berlin-mitte,Die Dominoâ€™s Box Pizza Prosciutto + 2 Optionen,"10,99Â â‚¬"
dominos-berlin-mitte,Die Dominoâ€™s Box Pizza Funghi + 2 Optionen,"9,99Â â‚¬"
dominos-berlin-mitte,Die Dominoâ€™s Box Pizza Caprese + 2 Optionen,"10,99Â â‚¬"
dominos-berlin-mitte,Die Dominoâ€™s Box Pizza Boston + 2 Optionen,"10,99Â â‚¬"
dominos-berlin-mitte,Die Dominoâ€™s Box Pizza Tuna + 2 Optionen,"10,99Â â‚¬"
dominos-berlin-mitte,Die Dominoâ€™s Box Pizza Waikiki + 2 Optionen,"12,49Â â‚¬"
dominos-berlin-mitte,Die Dominoâ€™s Box Pizza Las Vega + 2 Optionen,"9,99Â â‚¬"
dominos-berlin-mitte,Pasta Bolo,"11,49Â â‚¬"
dominos-berlin-mitte,Pasta Chicken DÃ¶ner,"12,49Â â‚¬"
dominos-berlin-mitte,Pasta Chickolo,"11,49Â â‚¬"
dominos-berlin-mitte,Pasta Orlando,"10,99Â â‚¬"
dominos-berlin-mitte,Lunch Pasta Veggio,"7,99Â â‚¬Nicht verfÃ¼gbar"
dominos-berlin-mitte,Pasta Veggio,"10,49Â â‚¬"
dominos-berlin-mitte,Pasta Tomato,"11,49Â â‚¬"
dominos-berlin-mitte,Pasta Cheesyo,"10,99Â â‚¬"
dominos-berlin-mitte,Chicken Kickers,"6,99Â â‚¬"
dominos-berlin-mitte,XL Chicken Kickers,"12,99Â â‚¬"
dominos-berlin-mitte,Chicken Wings,"6,99Â â‚¬"
dominos-berlin-mitte,Chicken Strippers,"6,99Â â‚¬"
dominos-berlin-mitte,XL Chicken Strippers,"12,99Â â‚¬"
dominos-berlin-mitte,Teriyaki Wings,"7,99Â â‚¬"
dominos-berlin-mitte,Chicken Box,"12,99Â â‚¬"
dominos-berlin-mitte,BBQ Wings,"7,99Â â‚¬"
dominos-berlin-mitte,Sweet Chili Chicken Wings,"7,99Â â‚¬"
dominos-berlin-mitte,PizzabrÃ¶tchen NY Style Salami + Jalapenos & Mozzarella,"5,99Â â‚¬"
dominos-berlin-mitte,PizzabrÃ¶tchen Chicken DÃ¶ner,"5,99Â â‚¬"
dominos-berlin-mitte,PizzabrÃ¶tchen Sucuk und Mozzarella,"5,99Â â‚¬"
dominos-berlin-mitte,PizzabrÃ¶tchen Prosciutto Cotto und KÃ¤se,"5,99Â â‚¬"
dominos-berlin-mitte,PizzabrÃ¶tchen Salami und KÃ¤se,"5,99Â â‚¬"
dominos-berlin-mitte,PizzabrÃ¶tchen Thunfisch und KÃ¤se,"5,99Â â‚¬"
dominos-berlin-mitte,PizzabrÃ¶tchen Ohne FÃ¼llung,"4,49Â â‚¬"
dominos-berlin-mitte,PizzabrÃ¶tchen KÃ¤se,"5,99Â â‚¬"
dominos-berlin-mitte,PizzabrÃ¶tchen Knoblauch und Mozzarella,"5,99Â â‚¬"
dominos-berlin-mitte,PizzabrÃ¶tchen Las Vega,"5,99Â â‚¬"
dominos-berlin-mitte,PizzabrÃ¶tchen HirtenkÃ¤se,"5,99Â â‚¬"
dominos-berlin-mitte,Pizza Vegan Chicken DÃ¶ner,"14,49Â â‚¬"
dominos-berlin-mitte,Pizza Vegayaki,"13,99Â â‚¬"
dominos-berlin-mitte,Pizza Las Vega,"12,99Â â‚¬"
dominos-berlin-mitte,RÃ¶stisticks,"3,99Â â‚¬(120 g, 33,25Â â‚¬/kg)"
dominos-berlin-mitte,XL RÃ¶stisticks,"6,99Â â‚¬(240 g, 29,13Â â‚¬/kg)"
dominos-berlin-mitte,PizzabrÃ¶tchen Ohne FÃ¼llung,"4,49Â â‚¬"
dominos-berlin-mitte,PizzabrÃ¶tchen Las Vega,"5,99Â â‚¬"
dominos-berlin-mitte,Pasta Tomato,"11,49Â â‚¬"
dominos-berlin-mitte,Aioli,"1,39Â â‚¬(70 ml, 19,86Â â‚¬/l)"
dominos-berlin-mitte,Sweet Chili,"1,39Â â‚¬(70 ml, 19,86Â â‚¬/l)"
dominos-berlin-mitte,Balsamico Dressing,"0,99Â â‚¬(80 ml, 12,38Â â‚¬/l)"
dominos-berlin-mitte,Cho Cho Churros 4er Portion,"4,99Â â‚¬"
dominos-berlin-mitte,Cho Cho Churros 8er Portion,"8,99Â â‚¬"
dominos-berlin-mitte,Snack Box,"15,99Â â‚¬"
dominos-berlin-mitte,Wrap Veggie,"6,99Â â‚¬"
dominos-berlin-mitte,Wrap HeiÃŸer Schlitten,"7,99Â â‚¬"
dominos-berlin-mitte,Wrap Classic Chicken,"7,99Â â‚¬"
dominos-berlin-mitte,Wrap Italian Chicken,"7,99Â â‚¬"
dominos-berlin-mitte,Wrap Chicken DÃ¶ner,"8,99Â â‚¬"
dominos-berlin-mitte,RÃ¶stisticks,"3,99Â â‚¬(120 g, 33,25Â â‚¬/kg)"
dominos-berlin-mitte,XL RÃ¶stisticks,"6,99Â â‚¬(240 g, 29,13Â â‚¬/kg)"
dominos-berlin-mitte,Apfelkompott,"1,39Â â‚¬(70 ml, 19,86Â â‚¬/l)"
dominos-berlin-mitte,Sour Cream,"1,39Â â‚¬(70 ml, 19,86Â â‚¬/l)"
dominos-berlin-mitte,Gouda Cheese Bites,"5,99Â â‚¬"
dominos-berlin-mitte,XL Gouda Cheese Bites,"10,49Â â‚¬"
dominos-berlin-mitte,Sour Cream,"1,39Â â‚¬(70 ml, 19,86Â â‚¬/l)"
dominos-berlin-mitte,Aioli,"1,39Â â‚¬(70 ml, 19,86Â â‚¬/l)"
dominos-berlin-mitte,KrÃ¤uterremoulade Dip,"1,39Â â‚¬(70 ml, 19,86Â â‚¬/l)"
dominos-berlin-mitte,Knoblauch-Dip,"1,39Â â‚¬(70 ml, 19,86Â â‚¬/l)Beliebt"
dominos-berlin-mitte,BBQ Honey,"1,39Â â‚¬(70 ml, 19,86Â â‚¬/l)"
dominos-berlin-mitte,Sweet Chili,"1,39Â â‚¬(70 ml, 19,86Â â‚¬/l)"
dominos-berlin-mitte,Lunch Salat Deluxe,"7,99Â â‚¬Nicht verfÃ¼gbar"
dominos-berlin-mitte,Salat Deluxe,"9,99Â â‚¬"
dominos-berlin-mitte,Salat Green Garden,"9,99Â â‚¬"
dominos-berlin-mitte,Salat Caesar's Chicken,"10,49Â â‚¬"
dominos-berlin-mitte,Salat Gallo Verde,"10,49Â â‚¬"
dominos-berlin-mitte,Salat Mini,"3,99Â â‚¬"
dominos-berlin-mitte,Greek Style Salat,"10,49Â â‚¬"
dominos-berlin-mitte,Caesar's Dressing,"0,99Â â‚¬(80 ml, 12,38Â â‚¬/l)"
dominos-berlin-mitte,Balsamico Dressing,"0,99Â â‚¬(80 ml, 12,38Â â‚¬/l)"
dominos-berlin-mitte,American-Dressing,"0,99Â â‚¬(80 ml, 12,38Â â‚¬/l)"
dominos-berlin-mitte,Joghurt-Limetten-Dressing,"0,99Â â‚¬(80 ml, 12,38Â â‚¬/l)"
dominos-berlin-mitte,Cinnamon Rolls,"4,49Â â‚¬"
dominos-berlin-mitte,Cheesecake Pizza,"5,49Â â‚¬"
dominos-berlin-mitte,Apple Cinnamon Pizza,"4,99Â â‚¬"
dominos-berlin-mitte,Cho Cho Churros 4er Portion,"4,99Â â‚¬"
dominos-berlin-mitte,Cho Cho Churros 8er Portion,"8,99Â â‚¬"
dominos-berlin-mitte,Lava Cake,"3,99Â â‚¬(82 g, 48,66Â â‚¬/kg)"
dominos-berlin-mitte,Chocolate Chip Cookie (76g),"1,99Â â‚¬(76 g, 26,18Â â‚¬/kg)"
dominos-berlin-mitte,Tiramisu,"3,99Â â‚¬(100 g, 39,90Â â‚¬/kg)"
dominos-berlin-mitte,Triple Chocolate Muffin,"3,49Â â‚¬(133 g, 26,24Â â‚¬/kg)"
dominos-berlin-mitte,Extra Sweet Icing,"0,99Â â‚¬"
dominos-berlin-mitte,Dessert Box,"8,99Â â‚¬"
dominos-berlin-mitte,100ml Ben & Jerry's Cookie Dough,"3,29Â â‚¬(100 ml, 32,90Â â‚¬/l)"
dominos-berlin-mitte,465ml Ben & Jerryâ€™s Cookie Dough,"7,49Â â‚¬(465 ml, 16,11Â â‚¬/l)"
dominos-berlin-mitte,100ml Ben & Jerryâ€™s Chocolate Fudge Brownie,"3,29Â â‚¬(100 ml, 32,90Â â‚¬/l)"
dominos-berlin-mitte,465ml Ben & Jerryâ€™s Chocolate Fudge Brownie,"7,49Â â‚¬(465 ml, 16,11Â â‚¬/l)"
dominos-berlin-mitte,427ml Ben & Jerryâ€™s Dulce De-lish Sundae,"7,49Â â‚¬(427 ml, 17,54Â â‚¬/l)"
dominos-berlin-mitte,12 x 17ml Magnum Bonbon White Chocolate & Cookies,"6,49Â â‚¬(204 ml, 31,81Â â‚¬/l)"
dominos-berlin-mitte,100 ml Ben & Jerry's Brookies,"3,29Â â‚¬(100 ml, 32,90Â â‚¬/l)"
dominos-berlin-mitte,465 ml Ben & Jerry's Brookies & Cream,"7,49Â â‚¬(465 ml, 16,11Â â‚¬/l)"
dominos-berlin-mitte,"Coca-ColaÂ® 0,5 l","2,99Â â‚¬(500 ml, 5,98Â â‚¬/l)BeliebtZzgl. 0,25Â â‚¬ Pfand (EINWEG)"
dominos-berlin-mitte,"Coca-ColaÂ® 1,5Â l","4,99Â â‚¬(1,5 l, 3,33Â â‚¬/l)Zzgl. 0,25Â â‚¬ Pfand (EINWEG)"
dominos-berlin-mitte,"Coca-ColaÂ® Zero 0,5 l","2,99Â â‚¬(500 ml, 5,98Â â‚¬/l)Zzgl. 0,25Â â‚¬ Pfand (EINWEG)"
dominos-berlin-mitte,"Coca-ColaÂ® Zero 1,5Â l","4,99Â â‚¬(1,5 l, 3,33Â â‚¬/l)Zzgl. 0,25Â â‚¬ Pfand (EINWEG)"
dominos-berlin-mitte,"Fanta Orange 0,5 l","2,99Â â‚¬(500 ml, 5,98Â â‚¬/l)Zzgl. 0,25Â â‚¬ Pfand (EINWEG)"
dominos-berlin-mitte,"Fanta Orange 1,5Â l","4,99Â â‚¬(1,5 l, 3,33Â â‚¬/l)Zzgl. 0,25Â â‚¬ Pfand (EINWEG)"
dominos-berlin-mitte,"Mezzo Mix 0,5 l","2,99Â â‚¬(500 ml, 5,98Â â‚¬/l)Zzgl. 0,25Â â‚¬ Pfand (EINWEG)"
dominos-berlin-mitte,"Sprite 0,5 l","2,99Â â‚¬(500 ml, 5,98Â â‚¬/l)Zzgl. 0,25Â â‚¬ Pfand (EINWEG)"
dominos-berlin-mitte,"Fuze Tea GrÃ¼ner Tee Mango Kamille 0,4l","2,99Â â‚¬(400 ml, 7,48Â â‚¬/l)Zzgl. 0,25Â â‚¬ Pfand (EINWEG)"
dominos-berlin-mitte,"Fuze Tea Pfirsich 0,4l","2,99Â â‚¬(400 ml, 7,48Â â‚¬/l)Zzgl. 0,25Â â‚¬ Pfand (EINWEG)"
dominos-berlin-mitte,"Fuze Tea Zitrone 0,4l","2,99Â â‚¬(400 ml, 7,48Â â‚¬/l)Zzgl. 0,25Â â‚¬ Pfand (EINWEG)"
dominos-berlin-mitte,"Red Bull Energy Drink 0,25l","2,99Â â‚¬(250 ml, 11,96Â â‚¬/l)Zzgl. 0,25Â â‚¬ Pfand (EINWEG)"
dominos-berlin-mitte,"Vio Still 0,5l","2,79Â â‚¬(500 ml, 5,58Â â‚¬/l)Zzgl. 0,25Â â‚¬ Pfand (EINWEG)"
dominos-berlin-mitte,"Vio Medium 0,5l","2,79Â â‚¬(500 ml, 5,58Â â‚¬/l)Zzgl. 0,25Â â‚¬ Pfand (EINWEG)"
dominos-berlin-mitte,"Beck's 0,5l","2,99Â â‚¬(500 ml, 5 % Vol. Alkohol und 5,98Â â‚¬/l)18+Zzgl. 0,08Â â‚¬ Pfand (MEHRWEG)"
dominos-berlin-mitte,Montepulciano d'abruzzo 750 ml,"8,99Â â‚¬(750 ml, 13 % Vol. Alkohol und 11,99Â â‚¬/l)18+"
dominos-berlin-mitte,Pinot Grigio 750 ml,"8,99Â â‚¬(750 ml, 12 % Vol. Alkohol und 11,99Â â‚¬/l)18+"
pizza-nostra-ber,Pizza Margherita,"13,50Â â‚¬"
pizza-nostra-ber,Special fÃ¼r 2,"35,00Â â‚¬"
pizza-nostra-ber,Pizza Diavola,"15,00Â â‚¬"
pizza-nostra-ber,Pizza Salame,"15,00Â â‚¬"
pizza-nostra-ber,Pizza Formaggi,"15,00Â â‚¬"
pizza-nostra-ber,Pizza Prosciutto e Funghi,"15,00Â â‚¬"
pizza-nostra-ber,Pizza Bufalina,"16,00Â â‚¬"
pizza-nostra-ber,Pizza Funghi,"14,00Â â‚¬"
pizza-nostra-ber,Pizza Tonno e Cipolla,"15,00Â â‚¬"
pizza-nostra-ber,Tiramisu,"8,00Â â‚¬"
pizza-nostra-ber,Pizza Rucola e Pomodorini,"15,00Â â‚¬"
pizza-nostra-ber,Pizza Salsiccia e Crudo,"16,00Â â‚¬"
pizza-nostra-ber,Special fÃ¼r 2,"35,00Â â‚¬Beliebt"
pizza-nostra-ber,"Pizza MenÃ¼ â€“ Pizza Margherita, Tiramisu & GetrÃ¤nk","24,35Â â‚¬Zzgl. 0,15Â â‚¬ Pfand (MEHRWEG)"
pizza-nostra-ber,"Pizza MenÃ¼ â€“ Pizza deiner Wahl, Tiramisu & GetrÃ¤nk","25,85Â â‚¬Zzgl. 0,15Â â‚¬ Pfand (MEHRWEG)"
pizza-nostra-ber,Salat Amalfi,"6,90Â â‚¬"
pizza-nostra-ber,Salat Positano,"7,90Â â‚¬"
pizza-nostra-ber,Salat Sorrento,"9,90Â â‚¬"
pizza-nostra-ber,Salat Capri,"10,90Â â‚¬"
pizza-nostra-ber,Pizza Margherita,"13,50Â â‚¬Beliebt"
pizza-nostra-ber,Pizza Salame,"15,00Â â‚¬Beliebt"
pizza-nostra-ber,Pizza Diavola,"15,00Â â‚¬Beliebt"
pizza-nostra-ber,Pizza Capricciosa,"16,00Â â‚¬"
pizza-nostra-ber,Pizza Prosciutto e Funghi,"15,00Â â‚¬"
pizza-nostra-ber,Pizza Spinaci e Cotto,"15,00Â â‚¬"
pizza-nostra-ber,Pizza Ortolana,"15,00Â â‚¬"
pizza-nostra-ber,Pizza Rucola e Pomodorini,"15,00Â â‚¬"
pizza-nostra-ber,Pizza Formaggi,"15,00Â â‚¬"
pizza-nostra-ber,Pizza Tonno e Cipolla,"15,00Â â‚¬"
pizza-nostra-ber,Pizza Salsiccia,"15,50Â â‚¬"
pizza-nostra-ber,Pizza Nostra,"16,00Â â‚¬"
pizza-nostra-ber,Pizza Bufalina,"16,00Â â‚¬"
pizza-nostra-ber,Pizza Wild Broccoli e Salsiccia,"16,00Â â‚¬"
pizza-nostra-ber,Pizza Salsiccia e Crudo,"16,00Â â‚¬"
pizza-nostra-ber,Pizza Cacio e Pepe,"16,00Â â‚¬"
pizza-nostra-ber,Pizza Crudo,"15,00Â â‚¬"
pizza-nostra-ber,Pizza Parmigiana,"15,00Â â‚¬"
pizza-nostra-ber,Pizza Marinara,"15,50Â â‚¬"
pizza-nostra-ber,Calzone Grande,"14,00Â â‚¬"
pizza-nostra-ber,Pizza Funghi,"14,00Â â‚¬"
pizza-nostra-ber,Pizza Spinaci e Gorgonzola,"15,00Â â‚¬"
pizza-nostra-ber,Pizza Quattro Stagione,"15,00Â â‚¬"
pizza-nostra-ber,Pizza Formaggio di Capra con Spinaci,"15,50Â â‚¬"
pizza-nostra-ber,Pizza Formaggio di Capra,"15,00Â â‚¬"
pizza-nostra-ber,Pizza Frutti di Mare,"16,00Â â‚¬"
pizza-nostra-ber,Tiramisu,"8,00Â â‚¬"
pizza-nostra-ber,Sfogliatelle,"10,00Â â‚¬"
pizza-nostra-ber,"Fonte Tavina Naturale 0,5Â l","0,75Â â‚¬(500 ml, 1,50Â â‚¬/l)BeliebtZzgl. 0,25Â â‚¬ Pfand (EINWEG)"
pizza-nostra-ber,"Fonte Tavina Frizzante 0,5Â l","0,75Â â‚¬(500 ml, 1,50Â â‚¬/l)Zzgl. 0,25Â â‚¬ Pfand (EINWEG)"
pizza-nostra-ber,"Coca-ColaÂ® 0,33Â l","2,35Â â‚¬(330 ml, 7,12Â â‚¬/l)Zzgl. 0,15Â â‚¬ Pfand (MEHRWEG)"
pizza-nostra-ber,"Coca-ColaÂ® Zero 0,33Â l","2,35Â â‚¬(330 ml, 7,12Â â‚¬/l)Zzgl. 0,15Â â‚¬ Pfand (MEHRWEG)"
pizza-nostra-ber,"Crodo Lemon Soda 0,33Â l","2,25Â â‚¬(330 ml, 6,82Â â‚¬/l)Zzgl. 0,25Â â‚¬ Pfand (EINWEG)"
pizza-nostra-ber,"Crodo Orange Soda 0,33Â l","2,25Â â‚¬Zzgl. 0,25Â â‚¬ Pfand (EINWEG)"
pizza-nostra-ber,"estaTHE Pfirsich 0,33Â l","2,50Â â‚¬(330 ml, 7,58Â â‚¬/l)"
pizza-nostra-ber,"Peroni Alkoholfrei 0,33Â l","2,92Â â‚¬(330 ml, 8,85Â â‚¬/l)AltersbeschrÃ¤nktZzgl. 0,08Â â‚¬ Pfand (MEHRWEG)"
pizza-nostra-ber,"Peroni Nastro Azzurro 0,33Â l","2,92Â â‚¬(330 ml, 5,1 % Vol. Alkohol und 8,85Â â‚¬/l)18+Zzgl. 0,08Â â‚¬ Pfand (MEHRWEG)"
pizza-nostra-ber,"Peroni 0,33Â l","2,92Â â‚¬(330 ml, 5,1 % Vol. Alkohol und 8,85Â â‚¬/l)18+Zzgl. 0,08Â â‚¬ Pfand (MEHRWEG)"
pizza-nostra-ber,"Birra Moretti 0,33Â l","2,92Â â‚¬(330 ml, 4,6 % Vol. Alkohol und 8,85Â â‚¬/l)18+Zzgl. 0,08Â â‚¬ Pfand (MEHRWEG)"
losteria-berlin-memhardstrasse,Margherita,"12,25Â â‚¬"
losteria-berlin-memhardstrasse,Salami ,"16,25Â â‚¬"
losteria-berlin-memhardstrasse,Spaghetti Carbonara,"16,25Â â‚¬"
losteria-berlin-memhardstrasse,Salsiccia Piccante,"17,25Â â‚¬"
losteria-berlin-memhardstrasse,Spaghetti Chitarra RagÃ¹ alla Bolognese,"15,95Â â‚¬"
losteria-berlin-memhardstrasse,Quattro Formaggi,"18,25Â â‚¬"
losteria-berlin-memhardstrasse,TiramisÃ¹,"7,95Â â‚¬"
losteria-berlin-memhardstrasse,Maccheroncini Gorgonzola,"14,25Â â‚¬"
losteria-berlin-memhardstrasse,Tortelloni Prosciutto e Panna,"15,95Â â‚¬"
losteria-berlin-memhardstrasse,PizzabrÃ¶tchen KÃ¤se,"5,50Â â‚¬"
losteria-berlin-memhardstrasse,Prosciutto e Funghi,"16,95Â â‚¬"
losteria-berlin-memhardstrasse,PizzabrÃ¶tchen classic,"5,75Â â‚¬"
losteria-berlin-memhardstrasse,Build your own Pizza,"11,75Â â‚¬"
losteria-berlin-memhardstrasse,Build your own Salad,"10,95Â â‚¬"
losteria-berlin-memhardstrasse,PizzabrÃ¶tchen KÃ¤se,"5,50Â â‚¬"
losteria-berlin-memhardstrasse,PizzabrÃ¶tchen KÃ¤se & Schinken,"6,75Â â‚¬"
losteria-berlin-memhardstrasse,PizzabrÃ¶tchen KÃ¤se & Salami,"6,75Â â‚¬"
losteria-berlin-memhardstrasse,PizzabrÃ¶tchen KÃ¤se & Thunfisch,"6,75Â â‚¬"
losteria-berlin-memhardstrasse,PizzabrÃ¶tchen KÃ¤se & HÃ¤hnchen,"6,75Â â‚¬"
losteria-berlin-memhardstrasse,PizzabrÃ¶tchen Piccante Speciale,"7,50Â â‚¬"
losteria-berlin-memhardstrasse,PizzabrÃ¶tchen classic,"5,75Â â‚¬"
losteria-berlin-memhardstrasse,Insalata Gallinacci ,"13,95Â â‚¬"
losteria-berlin-memhardstrasse,Tre Funghi,"16,95Â â‚¬"
losteria-berlin-memhardstrasse,Tagliatelle Gallinacci,"14,95Â â‚¬"
losteria-berlin-memhardstrasse,Spaghetti Chitarra Gallinacci e Limone,"15,95Â â‚¬"
losteria-berlin-memhardstrasse,Bruschetta,"8,75Â â‚¬"
losteria-berlin-memhardstrasse,Pizza Pane,"9,95Â â‚¬"
losteria-berlin-memhardstrasse,Insalata Caprese Burrata,"12,95Â â‚¬"
losteria-berlin-memhardstrasse,Insalata Caesare con Pollo,"15,95Â â‚¬"
losteria-berlin-memhardstrasse,Insalata Mista,"6,95Â â‚¬"
losteria-berlin-memhardstrasse,Insalata Avocado Gamberetti,"17,50Â â‚¬"
losteria-berlin-memhardstrasse,Insalata Caesare,"11,95Â â‚¬"
losteria-berlin-memhardstrasse,Insalata Quinoa Avocado,"14,95Â â‚¬"
losteria-berlin-memhardstrasse,Insalata Casa,"14,95Â â‚¬"
losteria-berlin-memhardstrasse,Insalata Campagnola,"15,95Â â‚¬"
losteria-berlin-memhardstrasse,Insalata Pollo,"15,95Â â‚¬"
losteria-berlin-memhardstrasse,Margherita,"12,25Â â‚¬Beliebt"
losteria-berlin-memhardstrasse,Hawaii,"16,95Â â‚¬"
losteria-berlin-memhardstrasse,Prosciutto,"15,50Â â‚¬"
losteria-berlin-memhardstrasse,Funghi Freschi,"15,50Â â‚¬"
losteria-berlin-memhardstrasse,Salami ,"16,25Â â‚¬Beliebt"
losteria-berlin-memhardstrasse,Prosciutto e Funghi,"16,95Â â‚¬"
losteria-berlin-memhardstrasse,Tonno,"16,50Â â‚¬"
losteria-berlin-memhardstrasse,Braccio di Ferro,"16,95Â â‚¬"
losteria-berlin-memhardstrasse,Rustica,"16,95Â â‚¬"
losteria-berlin-memhardstrasse,Parmigiana,"16,95Â â‚¬"
losteria-berlin-memhardstrasse,Caprese,"16,95Â â‚¬"
losteria-berlin-memhardstrasse,Salsiccia Piccante,"17,25Â â‚¬Beliebt"
losteria-berlin-memhardstrasse,Vegetariana,"17,25Â â‚¬"
losteria-berlin-memhardstrasse,Rucola,"17,25Â â‚¬"
losteria-berlin-memhardstrasse,Prosciutto Crudo,"18,25Â â‚¬"
losteria-berlin-memhardstrasse,Gamberetti,"18,25Â â‚¬"
losteria-berlin-memhardstrasse,Quattro Formaggi,"18,25Â â‚¬"
losteria-berlin-memhardstrasse,Forza,"18,95Â â‚¬"
losteria-berlin-memhardstrasse,BBQ Chicken,"18,95Â â‚¬"
losteria-berlin-memhardstrasse,Canarino ,"18,95Â â‚¬"
losteria-berlin-memhardstrasse,Nduja Calabrese,"19,50Â â‚¬"
losteria-berlin-memhardstrasse,Degli Artisti,"18,95Â â‚¬"
losteria-berlin-memhardstrasse,Caesare e Pollo,"19,50Â â‚¬"
losteria-berlin-memhardstrasse,Marinara,"19,50Â â‚¬"
losteria-berlin-memhardstrasse,Spaghetti Rucola e Pomodorini,"14,25Â â‚¬"
losteria-berlin-memhardstrasse,Spaghetti Pomodoro e Basilico,"12,50Â â‚¬"
losteria-berlin-memhardstrasse,Spaghetti Aglio e Olio,"11,95Â â‚¬"
losteria-berlin-memhardstrasse,Penne Arrabiata,"11,95Â â‚¬"
losteria-berlin-memhardstrasse,Maccheroncini Pesto Genovese,"14,25Â â‚¬"
losteria-berlin-memhardstrasse,Maccheroncini Gorgonzola,"14,25Â â‚¬"
losteria-berlin-memhardstrasse,Maccheroncini Colorati,"14,25Â â‚¬"
losteria-berlin-memhardstrasse,Mezzalune Spinaci,"15,95Â â‚¬"
losteria-berlin-memhardstrasse,Risotto Funghi,"16,75Â â‚¬"
losteria-berlin-memhardstrasse,Spaghetti Carbonara,"16,25Â â‚¬Beliebt"
losteria-berlin-memhardstrasse,Spaghetti Chitarra RagÃ¹ alla Bolognese,"15,95Â â‚¬"
losteria-berlin-memhardstrasse,Lasagne,"15,50Â â‚¬"
losteria-berlin-memhardstrasse,Tortelloni Prosciutto e Panna,"15,95Â â‚¬"
losteria-berlin-memhardstrasse,Orecchiette di Manzo al Limone,"17,95Â â‚¬"
losteria-berlin-memhardstrasse,Zoodles Gamberetti,"16,95Â â‚¬"
losteria-berlin-memhardstrasse,Gnocchi Gamberetti,"16,75Â â‚¬"
losteria-berlin-memhardstrasse,Conchiglie di Fiume,"17,95Â â‚¬"
losteria-berlin-memhardstrasse,Maccheroncini mit Butter,"4,50Â â‚¬"
losteria-berlin-memhardstrasse,Maccheroncini mit Sugo,"4,95Â â‚¬"
losteria-berlin-memhardstrasse,Maccheroncini mit RagÃ¹,"5,95Â â‚¬"
losteria-berlin-memhardstrasse,Gnocchi Prosciutto e Panna,"5,95Â â‚¬"
losteria-berlin-memhardstrasse,Pizza Alfonso,"4,95Â â‚¬"
losteria-berlin-memhardstrasse,Pizza Maria Champignons,"5,95Â â‚¬"
losteria-berlin-memhardstrasse,Pizza Maria Salami,"5,95Â â‚¬"
losteria-berlin-memhardstrasse,Pizza Maria Schinken,"5,95Â â‚¬"
losteria-berlin-memhardstrasse,Panna Cotta,"7,25Â â‚¬"
losteria-berlin-memhardstrasse,TiramisÃ¹,"7,95Â â‚¬"
losteria-berlin-memhardstrasse,"San Pellegrino 0,5l PET","2,05Â â‚¬(500 ml, 4,10Â â‚¬/l)Zzgl. 0,25Â â‚¬ Pfand (EINWEG)"
losteria-berlin-memhardstrasse,"Acqua Panna 0,5l PET","2,05Â â‚¬(500 ml, 4,10Â â‚¬/l)Zzgl. 0,25Â â‚¬ Pfand (EINWEG)"
losteria-berlin-memhardstrasse,"Coca Cola 0,5l PET","2,05Â â‚¬(500 ml, 4,10Â â‚¬/l)BeliebtZzgl. 0,25Â â‚¬ Pfand (EINWEG)"
losteria-berlin-memhardstrasse,"Ice Tea Peach 0,33l","2,15Â â‚¬(330 ml, 6,52Â â‚¬/l)Zzgl. 0,15Â â‚¬ Pfand (MEHRWEG)"
losteria-berlin-memhardstrasse,"Ice Tea Pomegranate 0,33l","2,15Â â‚¬(330 ml, 6,52Â â‚¬/l)Zzgl. 0,15Â â‚¬ Pfand (MEHRWEG)"
losteria-berlin-memhardstrasse,"Ice Tea Lemon Lime 0,33l","2,15Â â‚¬(330 ml, 6,52Â â‚¬/l)Zzgl. 0,15Â â‚¬ Pfand (MEHRWEG)"
losteria-berlin-memhardstrasse,"Peroni Alkoholfrei 0,33l","2,42Â â‚¬(330 ml, 7,33Â â‚¬/l)Zzgl. 0,08Â â‚¬ Pfand (MEHRWEG)"
losteria-berlin-memhardstrasse,"Peroni Nastro Azzurro 0,33l","2,42Â â‚¬(330 ml, 5,1 % Vol. Alkohol und 7,33Â â‚¬/l)18+Zzgl. 0,08Â â‚¬ Pfand (MEHRWEG)"
gazzo-sourdough-pizza,2 Margherita ,"12,50Â â‚¬"
gazzo-sourdough-pizza,8 Spicy ,"19,50Â â‚¬"
gazzo-sourdough-pizza,3 Zucchini ,"16,00Â â‚¬"
gazzo-sourdough-pizza,4 Arrabbiata ,"17,50Â â‚¬"
gazzo-sourdough-pizza,6 H&M,"18,50Â â‚¬"
gazzo-sourdough-pizza,Aubergine Special ,"17,00Â â‚¬"
gazzo-sourdough-pizza,5 Anchovies,"17,00Â â‚¬"
gazzo-sourdough-pizza,9 Salsiccia,"19,00Â â‚¬"
gazzo-sourdough-pizza,7 Buffala ,"16,50Â â‚¬"
gazzo-sourdough-pizza,1 Marinara ðŸŒ¿,"11,00Â â‚¬"
gazzo-sourdough-pizza,Chickpea Salad ðŸŒ¿,"12,50Â â‚¬"
gazzo-sourdough-pizza,3.5 Zucchini Vegan ðŸŒ¿,"16,00Â â‚¬"
gazzo-sourdough-pizza,1 Marinara ðŸŒ¿,"11,00Â â‚¬"
gazzo-sourdough-pizza,2 Margherita ,"12,50Â â‚¬Beliebt"
gazzo-sourdough-pizza,3 Zucchini ,"16,00Â â‚¬Beliebt"
gazzo-sourdough-pizza,4 Arrabbiata ,"17,50Â â‚¬Beliebt"
gazzo-sourdough-pizza,5 Anchovies,"17,00Â â‚¬"
gazzo-sourdough-pizza,6 H&M,"18,50Â â‚¬Beliebt"
gazzo-sourdough-pizza,7 Buffala ,"16,50Â â‚¬"
gazzo-sourdough-pizza,8 Spicy ,"19,50Â â‚¬Beliebt"
gazzo-sourdough-pizza,9 Salsiccia,"19,00Â â‚¬"
gazzo-sourdough-pizza,Aubergine Special ,"17,00Â â‚¬"
gazzo-sourdough-pizza,Octopus Special ,"20,00Â â‚¬"
gazzo-sourdough-pizza,1 Marinara ðŸŒ¿,"11,00Â â‚¬"
gazzo-sourdough-pizza,2.5 Margherita Vegan ðŸŒ¿,"12,50Â â‚¬"
gazzo-sourdough-pizza,3.5 Zucchini Vegan ðŸŒ¿,"16,00Â â‚¬"
gazzo-sourdough-pizza,Aubergine Special Vegan ðŸŒ¿,"17,00Â â‚¬"
gazzo-sourdough-pizza,Chickpea Salad ðŸŒ¿,"12,50Â â‚¬"
gazzo-sourdough-pizza,"Fritz Kola 0,33","3,90Â â‚¬"
gazzo-sourdough-pizza,"Fritz Kola zuckerfrei 0,33","3,90Â â‚¬"
gazzo-sourdough-pizza,"Berliner Berg alcohol free 0,33","4,00Â â‚¬"
gazzo-sourdough-pizza,"BRLO Happy Pils 0,33","4,00Â â‚¬18+"
pizza-hut-berlin-oranienburger-str,Margherita Pan L,"12,90Â â‚¬"
pizza-hut-berlin-oranienburger-str,Knoblauchbrot Mozzarella,"4,90Â â‚¬"
pizza-hut-berlin-oranienburger-str,Margherita Cheezy Crust,"16,40Â â‚¬"
pizza-hut-berlin-oranienburger-str,Margherita Pan M,"10,90Â â‚¬"
pizza-hut-berlin-oranienburger-str,Pepperoni Lover's Pan M,"14,40Â â‚¬"
pizza-hut-berlin-oranienburger-str,Salami Classic M,"12,90Â â‚¬"
pizza-hut-berlin-oranienburger-str,Margherita Pan S,"8,90Â â‚¬"
pizza-hut-berlin-oranienburger-str,Salami Pan L,"14,90Â â‚¬"
pizza-hut-berlin-oranienburger-str,Large Deal,"25,50Â â‚¬"
pizza-hut-berlin-oranienburger-str,Salami Cheezy Crust,"18,40Â â‚¬"
pizza-hut-berlin-oranienburger-str,Pepperoni Lover's Cheezy Crust,"19,90Â â‚¬"
pizza-hut-berlin-oranienburger-str,Pepperoni Lover's Pan L,"16,40Â â‚¬"
pizza-hut-berlin-oranienburger-str,Summer Beef PanS,"14,90Â â‚¬"
pizza-hut-berlin-oranienburger-str,Summer Beef PanM,"16,90Â â‚¬"
pizza-hut-berlin-oranienburger-str,Summer Beef Pan L,"20,90Â â‚¬"
pizza-hut-berlin-oranienburger-str,SummerBeef Classic,"19,90Â â‚¬"
pizza-hut-berlin-oranienburger-str,Summer Chicken PanS,"14,90Â â‚¬"
pizza-hut-berlin-oranienburger-str,Summer Chicken PanM,"16,90Â â‚¬"
pizza-hut-berlin-oranienburger-str,Summer Chicken Pan L,"20,90Â â‚¬"
pizza-hut-berlin-oranienburger-str,Summer Chicken Classic,"19,90Â â‚¬"
pizza-hut-berlin-oranienburger-str,Summer Greek Dlx PanS,"22,90Â â‚¬"
pizza-hut-berlin-oranienburger-str,Summer Greek Dlx PanM,"24,90Â â‚¬"
pizza-hut-berlin-oranienburger-str,Summer Greek Dlx Pan L,"28,90Â â‚¬"
pizza-hut-berlin-oranienburger-str,Summer Greek Dlx Classic,"27,90Â â‚¬"
pizza-hut-berlin-oranienburger-str,SummerBeef CC,"25,90Â â‚¬"
pizza-hut-berlin-oranienburger-str,Summer Chicken CC,"25,90Â â‚¬"
pizza-hut-berlin-oranienburger-str,Summer Greek Dlx CC,"33,90Â â‚¬"
pizza-hut-berlin-oranienburger-str,Sunny Deal,"20,30Â â‚¬"
pizza-hut-berlin-oranienburger-str,Mix&Melts - 4er Melts Vegan,"14,90Â â‚¬"
pizza-hut-berlin-oranienburger-str,Mix&Melts - 6er Melts Vegan,"21,90Â â‚¬"
pizza-hut-berlin-oranienburger-str,Chik`N Cheez` Vegan Classic M,"16,40Â â‚¬"
pizza-hut-berlin-oranienburger-str,ChikÂ´NÂ´Cheez Vegan Pan L,"18,40Â â‚¬"
pizza-hut-berlin-oranienburger-str,ChikÂ´NÂ´Cheez Vegan Pan M,"16,40Â â‚¬"
pizza-hut-berlin-oranienburger-str,ChikÂ´NÂ´Cheez Vegan Pan S,"13,90Â â‚¬"
pizza-hut-berlin-oranienburger-str,"Melts & More - 2er Melts Vegan + 1 x Dip + Softdrink 0,5 l","10,15Â â‚¬Zzgl. 0,25Â â‚¬ Pfand (EINWEG)"
pizza-hut-berlin-oranienburger-str,Melts Spicy Vegan,"7,90Â â‚¬"
pizza-hut-berlin-oranienburger-str,Melts Vegan Chik'n'Salsa,"7,90Â â‚¬"
pizza-hut-berlin-oranienburger-str,"Melts & More - 2er Melts vegan + 1 x Dip + Softdrink 0,5 l + Country Potatoes","13,15Â â‚¬Zzgl. 0,25Â â‚¬ Pfand (EINWEG)"
pizza-hut-berlin-oranienburger-str,Vegan Farmer's Classic M,"16,40Â â‚¬"
pizza-hut-berlin-oranienburger-str,Vegan Farmer's Pan L,"18,40Â â‚¬"
pizza-hut-berlin-oranienburger-str,Vegan Farmer's Pan M,"16,40Â â‚¬"
pizza-hut-berlin-oranienburger-str,Vegan Farmer's Pan S,"13,90Â â‚¬"
pizza-hut-berlin-oranienburger-str,Vegan TU-NAH Classic M,"16,40Â â‚¬"
pizza-hut-berlin-oranienburger-str,Vegan TU-NAH Pan L,"18,40Â â‚¬"
pizza-hut-berlin-oranienburger-str,Vegan TU-NAH Pan M,"16,40Â â‚¬"
pizza-hut-berlin-oranienburger-str,Vegan TU-NAH Pan S,"13,90Â â‚¬"
pizza-hut-berlin-oranienburger-str,Margherita Cheezy Crust,"16,40Â â‚¬Beliebt"
pizza-hut-berlin-oranienburger-str,Barbecue Lover's Cheezy Crust,"23,90Â â‚¬"
pizza-hut-berlin-oranienburger-str,Beef Supreme Cheezy Crust,"21,90Â â‚¬"
pizza-hut-berlin-oranienburger-str,Caribbean Chicken Lover's Cheezy Crust,"21,90Â â‚¬"
pizza-hut-berlin-oranienburger-str,Champignon Cheezy Crust,"18,40Â â‚¬"
pizza-hut-berlin-oranienburger-str,Cheese Lover's Cheezy Crust,"21,90Â â‚¬"
pizza-hut-berlin-oranienburger-str,Chicken Supreme Cheezy Crust,"21,90Â â‚¬"
pizza-hut-berlin-oranienburger-str,Hawaii Cheezy Crust,"19,90Â â‚¬"
pizza-hut-berlin-oranienburger-str,Meat Lover's Cheezy Crust,"23,90Â â‚¬"
pizza-hut-berlin-oranienburger-str,Pepperoni Lover's Cheezy Crust,"19,90Â â‚¬"
pizza-hut-berlin-oranienburger-str,Salami Cheezy Crust,"18,40Â â‚¬"
pizza-hut-berlin-oranienburger-str,Texas Supreme Cheezy Crust,"23,90Â â‚¬"
pizza-hut-berlin-oranienburger-str,Tuna Cheezy Crust,"19,90Â â‚¬"
pizza-hut-berlin-oranienburger-str,Veggi Lovers Cheezy Crust,"21,90Â â‚¬"
pizza-hut-berlin-oranienburger-str,Chicken Broccoli Cheezy Crust,"21,90Â â‚¬"
pizza-hut-berlin-oranienburger-str,Bolognese Cheezy Crust,"21,90Â â‚¬"
pizza-hut-berlin-oranienburger-str,Sucuk Cheezy Crust,"21,90Â â‚¬"
pizza-hut-berlin-oranienburger-str,Vegetarian Barbados Cheezy Crust,"19,90Â â‚¬"
pizza-hut-berlin-oranienburger-str,CYO Cheezy Crust,"16,90Â â‚¬"
pizza-hut-berlin-oranienburger-str,Barbecue Lover's Pan L,"20,40Â â‚¬"
pizza-hut-berlin-oranienburger-str,Beef Supreme Pan L,"18,40Â â‚¬"
pizza-hut-berlin-oranienburger-str,Caribbean Chicken Lover's Pan L,"18,40Â â‚¬"
pizza-hut-berlin-oranienburger-str,Champignon Pan L,"14,90Â â‚¬"
pizza-hut-berlin-oranienburger-str,Cheese Lover's Pan L,"18,40Â â‚¬"
pizza-hut-berlin-oranienburger-str,Chicken Supreme Pan L,"18,40Â â‚¬"
pizza-hut-berlin-oranienburger-str,Hawaii Pan L,"16,40Â â‚¬"
pizza-hut-berlin-oranienburger-str,Margherita Pan L,"12,90Â â‚¬Beliebt"
pizza-hut-berlin-oranienburger-str,Meat Lover's Pan L,"20,40Â â‚¬"
pizza-hut-berlin-oranienburger-str,Pepperoni Lover's Pan L,"16,40Â â‚¬"
pizza-hut-berlin-oranienburger-str,Salami Pan L,"14,90Â â‚¬"
pizza-hut-berlin-oranienburger-str,Texas Supreme Pan L,"20,40Â â‚¬"
pizza-hut-berlin-oranienburger-str,Tuna Pan L,"16,40Â â‚¬"
pizza-hut-berlin-oranienburger-str,Veggie Lover's Pan L,"18,40Â â‚¬"
pizza-hut-berlin-oranienburger-str,Chicken Broccoli Pan L,"18,40Â â‚¬"
pizza-hut-berlin-oranienburger-str,Bolognese Pan L,"18,40Â â‚¬"
pizza-hut-berlin-oranienburger-str,Sucuk Pan L,"18,40Â â‚¬"
pizza-hut-berlin-oranienburger-str,Vegetarian Barbados Pan L,"16,40Â â‚¬"
pizza-hut-berlin-oranienburger-str,CYO Pan L,"13,40Â â‚¬"
pizza-hut-berlin-oranienburger-str,Barbecue Lover's Pan M,"17,90Â â‚¬"
pizza-hut-berlin-oranienburger-str,Beef Supreme Pan M,"16,40Â â‚¬"
pizza-hut-berlin-oranienburger-str,Caribbean Chicken Lover's Pan M,"16,40Â â‚¬"
pizza-hut-berlin-oranienburger-str,Champignon Pan M,"12,90Â â‚¬"
pizza-hut-berlin-oranienburger-str,Cheese Lover's Pan M,"16,40Â â‚¬"
pizza-hut-berlin-oranienburger-str,Chicken Supreme Pan M,"16,40Â â‚¬"
pizza-hut-berlin-oranienburger-str,Hawaii Pan M,"14,40Â â‚¬"
pizza-hut-berlin-oranienburger-str,Margherita Pan M,"10,90Â â‚¬Beliebt"
pizza-hut-berlin-oranienburger-str,Meat Lover's Pan M,"17,90Â â‚¬"
pizza-hut-berlin-oranienburger-str,Pepperoni Lover's Pan M,"14,40Â â‚¬"
pizza-hut-berlin-oranienburger-str,Salami Pan M,"12,90Â â‚¬"
pizza-hut-berlin-oranienburger-str,Texas Supreme Pan M,"17,90Â â‚¬"
pizza-hut-berlin-oranienburger-str,Tuna Pan M,"14,40Â â‚¬"
pizza-hut-berlin-oranienburger-str,Veggie Lover's Pan M,"16,40Â â‚¬"
pizza-hut-berlin-oranienburger-str,Chicken Broccoli Pan M,"16,40Â â‚¬"
pizza-hut-berlin-oranienburger-str,Bolognese Pan M,"16,40Â â‚¬"
pizza-hut-berlin-oranienburger-str,Sucuk Pan M,"16,40Â â‚¬"
pizza-hut-berlin-oranienburger-str,Vegetarian Barbados Pan M,"14,40Â â‚¬"
pizza-hut-berlin-oranienburger-str,CYO Pan M,"11,40Â â‚¬"
pizza-hut-berlin-oranienburger-str,Barbecue Lover's Pan S,"15,40Â â‚¬"
pizza-hut-berlin-oranienburger-str,Beef Supreme Pan S,"13,90Â â‚¬"
pizza-hut-berlin-oranienburger-str,Caribbean Chicken Lover's Pan S,"13,90Â â‚¬"
pizza-hut-berlin-oranienburger-str,Champignon Pan S,"10,90Â â‚¬"
pizza-hut-berlin-oranienburger-str,Cheese Lover's Pan S,"13,90Â â‚¬"
pizza-hut-berlin-oranienburger-str,Chicken Supreme Pan S,"13,90Â â‚¬"
pizza-hut-berlin-oranienburger-str,Hawaii Pan S,"12,40Â â‚¬"
pizza-hut-berlin-oranienburger-str,Margherita Pan S,"8,90Â â‚¬"
pizza-hut-berlin-oranienburger-str,Meat Lover's Pan S,"15,40Â â‚¬"
pizza-hut-berlin-oranienburger-str,Pepperoni Lover's Pan S,"12,40Â â‚¬"
pizza-hut-berlin-oranienburger-str,Salami Pan S,"10,90Â â‚¬"
pizza-hut-berlin-oranienburger-str,Texas Supreme Pan S,"15,40Â â‚¬"
pizza-hut-berlin-oranienburger-str,Tuna Pan S,"12,40Â â‚¬"
pizza-hut-berlin-oranienburger-str,Veggie Lover's Pan S,"13,90Â â‚¬"
pizza-hut-berlin-oranienburger-str,Chicken Broccoli Pan S,"13,90Â â‚¬"
pizza-hut-berlin-oranienburger-str,Bolognese Pan S,"13,90Â â‚¬"
pizza-hut-berlin-oranienburger-str,Sucuk Pan S,"13,90Â â‚¬"
pizza-hut-berlin-oranienburger-str,Vegetarian Barbados Pan S,"12,40Â â‚¬"
pizza-hut-berlin-oranienburger-str,CYO Pan S,"9,40Â â‚¬"
pizza-hut-berlin-oranienburger-str,Barbecue Lover's Classic M,"17,90Â â‚¬"
pizza-hut-berlin-oranienburger-str,Beef Supreme Classic M,"16,40Â â‚¬"
pizza-hut-berlin-oranienburger-str,Caribbean Chicken Lover's Classic M,"16,40Â â‚¬"
pizza-hut-berlin-oranienburger-str,Champignon Classic M,"12,90Â â‚¬"
pizza-hut-berlin-oranienburger-str,Cheese Lover's Classic M,"16,40Â â‚¬"
pizza-hut-berlin-oranienburger-str,Chicken Supreme Classic M,"16,40Â â‚¬"
pizza-hut-berlin-oranienburger-str,Hawaii Classic M,"14,40Â â‚¬"
pizza-hut-berlin-oranienburger-str,Margherita Classic M,"10,90Â â‚¬"
pizza-hut-berlin-oranienburger-str,Meat Lover's Classic M,"17,90Â â‚¬"
pizza-hut-berlin-oranienburger-str,Pepperoni Lover's Classic M,"14,40Â â‚¬"
pizza-hut-berlin-oranienburger-str,Salami Classic M,"12,90Â â‚¬"
pizza-hut-berlin-oranienburger-str,Texas Supreme Classic M,"17,90Â â‚¬"
pizza-hut-berlin-oranienburger-str,Tuna Classic M,"14,40Â â‚¬"
pizza-hut-berlin-oranienburger-str,Veggie Lover's Classic M,"16,40Â â‚¬"
pizza-hut-berlin-oranienburger-str,Chicken Broccoli Classic M,"16,40Â â‚¬"
pizza-hut-berlin-oranienburger-str,Bolognese Classic M,"16,40Â â‚¬"
pizza-hut-berlin-oranienburger-str,Sucuk Classic M,"16,40Â â‚¬"
pizza-hut-berlin-oranienburger-str,Vegetarian Barbados Classic M ,"14,40Â â‚¬"
pizza-hut-berlin-oranienburger-str,CYO Classic M,"11,40Â â‚¬"
pizza-hut-berlin-oranienburger-str,Chicken Sticks - 5 StÃ¼ck,"5,90Â â‚¬"
pizza-hut-berlin-oranienburger-str,Chicken Sticks - 8 StÃ¼ck,"7,90Â â‚¬"
pizza-hut-berlin-oranienburger-str,Chicken Wings - 5 StÃ¼ck,"5,90Â â‚¬"
pizza-hut-berlin-oranienburger-str,Chicken Wings - 8 StÃ¼ck,"7,90Â â‚¬"
pizza-hut-berlin-oranienburger-str,Cole Slaw Salad,"4,50Â â‚¬"
pizza-hut-berlin-oranienburger-str,Country Potatoes,"4,40Â â‚¬"
pizza-hut-berlin-oranienburger-str,Double Mixed Starters,"13,90Â â‚¬"
pizza-hut-berlin-oranienburger-str,Knoblauchbrot,"3,70Â â‚¬"
pizza-hut-berlin-oranienburger-str,Knoblauchbrot Mozzarella,"4,90Â â‚¬Beliebt"
pizza-hut-berlin-oranienburger-str,Mixed Starters,"8,90Â â‚¬"
pizza-hut-berlin-oranienburger-str,Mozzarella Sticks - 5 StÃ¼ck,"4,90Â â‚¬"
pizza-hut-berlin-oranienburger-str,Mozzarella Sticks - 8 StÃ¼ck,"6,90Â â‚¬"
pizza-hut-berlin-oranienburger-str,Loaded Country Potatoes - Chicken Barbecue,"8,40Â â‚¬"
pizza-hut-berlin-oranienburger-str,Loaded Country Potatoes - Tomato,"7,40Â â‚¬"
pizza-hut-berlin-oranienburger-str,Tex Mex Triangle - 5 StÃ¼ck,"4,40Â â‚¬"
pizza-hut-berlin-oranienburger-str,Tex Mex Triangle - 8 StÃ¼ck,"6,40Â â‚¬"
pizza-hut-berlin-oranienburger-str,Crispy Onion Rings - 5 StÃ¼ck,"4,90Â â‚¬"
pizza-hut-berlin-oranienburger-str,Crispy Onion Rings - 8 StÃ¼ck,"6,90Â â‚¬"
pizza-hut-berlin-oranienburger-str,Dip Barbecue,"1,90Â â‚¬(80 ml, 23,75Â â‚¬/l)"
pizza-hut-berlin-oranienburger-str,Dip Ketchup,"1,90Â â‚¬(80 ml, 23,75Â â‚¬/l)"
pizza-hut-berlin-oranienburger-str,Dip Knoblauch,"1,90Â â‚¬(80 ml, 23,75Â â‚¬/l)Beliebt"
pizza-hut-berlin-oranienburger-str,Dip Pommes Frites,"1,90Â â‚¬(80 ml, 23,75Â â‚¬/l)"
pizza-hut-berlin-oranienburger-str,Dip Sour Cream,"1,90Â â‚¬(80 ml, 23,75Â â‚¬/l)"
pizza-hut-berlin-oranienburger-str,Tagliatelle Bolognese,"10,90Â â‚¬"
pizza-hut-berlin-oranienburger-str,Broccoli Chicken Gratin,"11,90Â â‚¬"
pizza-hut-berlin-oranienburger-str,Lasagna Bites Bolognese,"11,90Â â‚¬"
pizza-hut-berlin-oranienburger-str,Penne Chicken Deluxe,"12,90Â â‚¬"
pizza-hut-berlin-oranienburger-str,Creamy RosÃ¨ Pasta,"11,90Â â‚¬"
pizza-hut-berlin-oranienburger-str,Caesar Salad,"9,90Â â‚¬"
pizza-hut-berlin-oranienburger-str,Side Salad,"4,50Â â‚¬"
pizza-hut-berlin-oranienburger-str,Tuna Salad,"11,90Â â‚¬"
pizza-hut-berlin-oranienburger-str,Thu'n'a Salad Vegan,"11,90Â â‚¬"
pizza-hut-berlin-oranienburger-str,Country Potato Salad,"11,90Â â‚¬"
pizza-hut-berlin-oranienburger-str,"Pepsi 0,5L PET","3,15Â â‚¬(500 ml, 5,80Â â‚¬/l)Zzgl. 0,25Â â‚¬ Pfand (EINWEG)"
pizza-hut-berlin-oranienburger-str,"Pepsi Zero 0,5L PET","3,15Â â‚¬(500 ml, 5,80Â â‚¬/l)Zzgl. 0,25Â â‚¬ Pfand (EINWEG)"
pizza-hut-berlin-oranienburger-str,"Lipton Pfirsich 0,5L PET","3,15Â â‚¬(500 ml, 5,80Â â‚¬/l)Zzgl. 0,25Â â‚¬ Pfand (EINWEG)"
pizza-hut-berlin-oranienburger-str,"7Up 0,5L PET","3,15Â â‚¬(500 ml, 5,80Â â‚¬/l)Zzgl. 0,25Â â‚¬ Pfand (EINWEG)"
pizza-hut-berlin-oranienburger-str,"Lipton Pfir 1,25L PET","4,75Â â‚¬(1,25 l, 3,60Â â‚¬/l)Zzgl. 0,25Â â‚¬ Pfand (EINWEG)"
pizza-hut-berlin-oranienburger-str,"Pepsi 1,25L PET","4,75Â â‚¬(1,25 l, 3,60Â â‚¬/l)Zzgl. 0,25Â â‚¬ Pfand (EINWEG)"
pizza-hut-berlin-oranienburger-str,"Pepsi Zero 1,25L PET","4,75Â â‚¬(1,25 l, 3,60Â â‚¬/l)Zzgl. 0,25Â â‚¬ Pfand (EINWEG)"
pizza-hut-berlin-oranienburger-str,Brownie Vegan,"3,90Â â‚¬"
pizza-hut-berlin-oranienburger-str,Breadsticks mit Nutella,"5,40Â â‚¬"
pizza-hut-berlin-oranienburger-str,Ben & Jerry's Icecream 100ml Chocolate Fudge Brownie,"3,90Â â‚¬(100 ml, 39,00Â â‚¬/l)"
pizza-hut-berlin-oranienburger-str,Ben & Jerry's Icecream 465ml Chocolate Fudge Brownie,"7,90Â â‚¬(465 ml, 16,99Â â‚¬/l)"
pizza-hut-berlin-oranienburger-str,Ben & Jerry's Icecream 100ml Cookie Dough,"3,90Â â‚¬(100 ml, 39,00Â â‚¬/l)"
pizza-hut-berlin-oranienburger-str,Ben & Jerry's Icecream 465ml Cookie Dough,"7,90Â â‚¬(465 ml, 16,99Â â‚¬/l)"
pizza-hut-berlin-oranienburger-str,Cookie Dough Dark Choco,"3,90Â â‚¬"
pizza-hut-berlin-oranienburger-str,Cookie Dough Duo,"5,50Â â‚¬"
pizza-hut-berlin-oranienburger-str,Cookie Dough White Choco,"3,90Â â‚¬"
pizza-hut-berlin-oranienburger-str,Ben & Jerry's Icecream 100ml Strawberry Cheesecake,"3,90Â â‚¬(100 ml, 39,00Â â‚¬/l)"
pizza-hut-berlin-oranienburger-str,Ben & Jerry's Icecream 465ml Strawberry Cheesecake,"7,90Â â‚¬(465 ml, 16,99Â â‚¬/l)"
pizza-hut-berlin-oranienburger-str,American Cherry Pie,"5,40Â â‚¬(100 g, 54,00Â â‚¬/kg)"
pizza-hut-berlin-oranienburger-str,Large Deal,"25,50Â â‚¬"
pizza-hut-berlin-oranienburger-str,Large Deal CC,"32,50Â â‚¬"
pizza-hut-berlin-oranienburger-str,Medium Deal,"21,50Â â‚¬"
pizza-hut-berlin-oranienburger-str,Share Box,"24,90Â â‚¬"
pizza-hut-berlin-oranienburger-str,Melts Creamy Chicken,"7,90Â â‚¬"
pizza-hut-berlin-oranienburger-str,Melts Pepperoni Lovers,"7,90Â â‚¬"
pizza-hut-berlin-oranienburger-str,Melts Spicy Veggie,"7,90Â â‚¬"
pizza-hut-berlin-oranienburger-str,4er Melts,"14,90Â â‚¬"
pizza-hut-berlin-oranienburger-str,Mix&Melts - 6er Melts,"21,90Â â‚¬"
pizza-hut-berlin-oranienburger-str,"Melts&More - 2er Melts + 1 x Dip + Softdrink 0,5 l","10,15Â â‚¬Zzgl. 0,25Â â‚¬ Pfand (EINWEG)"
pizza-hut-berlin-oranienburger-str,"Melts&More - 2er Melts + 1 x Dip + Softdrink 0,5 l + Country Potatoes","13,15Â â‚¬Zzgl. 0,25Â â‚¬ Pfand (EINWEG)"
pizza-hut-berlin-oranienburger-str,VYTAL MEHRWEGVERPACKUNG,"0,00Â â‚¬"
mangiare-berlin,Pizza Mozzarella di Bufala,"16,00Â â‚¬"
mangiare-berlin,Pizza Salame Piccante,"16,00Â â‚¬"
mangiare-berlin,Pizza Margherita,"12,00Â â‚¬"
mangiare-berlin,Pizza Salame,"16,00Â â‚¬"
mangiare-berlin,Pizza Mozzarella di Bufala,"16,00Â â‚¬"
mangiare-berlin,Pizza Quattro Formaggi,"16,00Â â‚¬"
mangiare-berlin,Pizza Parma,"17,00Â â‚¬"
mangiare-berlin,TiramisÃ¹,"6,50Â â‚¬"
mangiare-berlin,Pizza Salame Piccante,"16,00Â â‚¬"
mangiare-berlin,Special fÃ¼r 2 - Tiramisu,"40,00Â â‚¬"
mangiare-berlin,Pizza Vegana,"17,00Â â‚¬"
mangiare-berlin,Pizza Cotto e Burrata,"19,00Â â‚¬"
mangiare-berlin,Special fÃ¼r 2 - Tiramisu,"40,00Â â‚¬"
mangiare-berlin,Pizza Mozzarella di Bufala,"16,00Â â‚¬Beliebt"
mangiare-berlin,Pizza Salame,"16,00Â â‚¬Beliebt"
mangiare-berlin,Pizza Quattro Formaggi,"16,00Â â‚¬"
mangiare-berlin,Pizza Salame Piccante,"16,00Â â‚¬Beliebt"
mangiare-berlin,Pizza Parma,"17,00Â â‚¬"
mangiare-berlin,Pizza Vegana,"17,00Â â‚¬"
mangiare-berlin,Pizza Salsiccia e Burrata,"19,00Â â‚¬"
mangiare-berlin,Pizza Cotto e Burrata,"19,00Â â‚¬"
mangiare-berlin,Caprese,"16,00Â â‚¬"
mangiare-berlin,Prosciutto e Bufala,"18,00Â â‚¬"
mangiare-berlin,Antipasto Misto,"28,00Â â‚¬"
mangiare-berlin,Arancino Classico,"6,00Â â‚¬"
mangiare-berlin,Arancino al ragÃ¹,"7,00Â â‚¬"
mangiare-berlin,Marinara Mangiare,"11,00Â â‚¬"
mangiare-berlin,Pizza Margherita,"12,00Â â‚¬Beliebt"
mangiare-berlin,Pizza Mozzarella di Bufala,"16,00Â â‚¬Beliebt"
mangiare-berlin,Pizza Salame,"16,00Â â‚¬"
mangiare-berlin,Pizza Salame Piccante,"16,00Â â‚¬"
mangiare-berlin,Pizza Quattro Formaggi,"16,00Â â‚¬"
mangiare-berlin,Pizza Parma,"17,00Â â‚¬"
mangiare-berlin,Pizza Vegana,"17,00Â â‚¬"
mangiare-berlin,Pizza Ortolana,"18,00Â â‚¬"
mangiare-berlin,Pizza Salame e Gorgonzola,"18,00Â â‚¬"
mangiare-berlin,Pizza Vegetariana,"18,00Â â‚¬"
mangiare-berlin,Margherita Ernesto,"17,00Â â‚¬"
mangiare-berlin,Pizza 3 Pomodori VEGAN,"15,00Â â‚¬"
mangiare-berlin,Pizza 3 Pomodori,"17,00Â â‚¬"
mangiare-berlin,Pizza Salsiccia Friarielli,"17,00Â â‚¬"
mangiare-berlin,Pizza Napoletana,"17,50Â â‚¬"
mangiare-berlin,Calzone Salame,"18,00Â â‚¬"
mangiare-berlin,Pizza Cacio e Pepe,"18,00Â â‚¬"
mangiare-berlin,Pizza Casertana,"18,00Â â‚¬"
mangiare-berlin,Pizza Porcini,"18,00Â â‚¬"
mangiare-berlin,Pizza Salsiccia Porcini,"18,00Â â‚¬"
mangiare-berlin,Pizza Tonno e Cipolla,"19,00Â â‚¬"
mangiare-berlin,Pizza Salsiccia e Burrata,"19,00Â â‚¬"
mangiare-berlin,Pizza Cotto e Porcini,"19,00Â â‚¬"
mangiare-berlin,Pizza Cotto e Burrata,"19,00Â â‚¬"
mangiare-berlin,Pizza Capricciosa,"20,00Â â‚¬"
mangiare-berlin,"Pizza Mortadella, Tartufo e Burrata","21,00Â â‚¬"
mangiare-berlin,Pizza Tartufo,"20,00Â â‚¬"
mangiare-berlin,Pizza Tartufo e Porcini,"23,00Â â‚¬"
mangiare-berlin,Pizza 3 Formaggi e Tartufo,"23,00Â â‚¬"
mangiare-berlin,Calzone Vegana,"15,50Â â‚¬"
mangiare-berlin,Calzone Vegetariana,"16,00Â â‚¬"
mangiare-berlin,Salsiccia e Patate,"19,00Â â‚¬"
mangiare-berlin,Pizza Montanara mit TomatensoÃŸe und Parmesan,"13,00Â â‚¬"
mangiare-berlin,Pizza Montanara mit Burrata und Schwarz TrÃ¼ffel,"21,00Â â‚¬"
mangiare-berlin,Pizza Calzone Salami Frittiert,"17,00Â â‚¬"
mangiare-berlin,Pizza Calzone Vegetarisch frittiert,"16,00Â â‚¬"
mangiare-berlin,TiramisÃ¹,"6,50Â â‚¬"
mangiare-berlin,TiramisÃ¹ al Pistacchio,"7,50Â â‚¬"
mangiare-berlin,Focaccia alla Nutella,"9,00Â â‚¬"
mangiare-berlin,Focaccia al Pistacchio,"15,00Â â‚¬"
mangiare-berlin,"Selters Naturell 0,25Â l","3,35Â â‚¬(250 ml, 13,40Â â‚¬/l)Zzgl. 0,15Â â‚¬ Pfand (MEHRWEG)"
mangiare-berlin,"Selters Naturell 0,75Â l","6,00Â â‚¬(750 ml, 8,00Â â‚¬/l)Zzgl. 0,15Â â‚¬ Pfand (MEHRWEG)"
mangiare-berlin,"Selters Classic 0,25Â l","3,35Â â‚¬(250 ml, 13,40Â â‚¬/l)Zzgl. 0,15Â â‚¬ Pfand (MEHRWEG)"
mangiare-berlin,"Selters Classic 0,75Â l","6,00Â â‚¬(750 ml, 8,00Â â‚¬/l)Zzgl. 0,15Â â‚¬ Pfand (MEHRWEG)"
mangiare-berlin,"Coca-ColaÂ® 0,33Â l","3,85Â â‚¬(330 ml, 11,67Â â‚¬/l)Zzgl. 0,15Â â‚¬ Pfand (MEHRWEG)"
mangiare-berlin,"Coca-ColaÂ® Zero 0,33Â l","3,85Â â‚¬(330 ml, 11,67Â â‚¬/l)Zzgl. 0,15Â â‚¬ Pfand (MEHRWEG)"
mangiare-berlin,"Proviant Biolimonade Zitrone 0,33Â l","3,92Â â‚¬(330 ml, 11,88Â â‚¬/l)Zzgl. 0,08Â â‚¬ Pfand (MEHRWEG)"
mangiare-berlin,"Proviant Biolimonade Rhabarber 0,33Â l","3,92Â â‚¬(330 ml, 11,88Â â‚¬/l)Zzgl. 0,08Â â‚¬ Pfand (MEHRWEG)"
mangiare-berlin,"Proviant Bioschorle Apfel 0,33Â l","3,92Â â‚¬(330 ml, 11,88Â â‚¬/l)Zzgl. 0,08Â â‚¬ Pfand (MEHRWEG)"
mangiare-berlin,"Proviant Biolimonade Zitrone & Ingwer 0,33Â l","3,92Â â‚¬(330 ml, 11,88Â â‚¬/l)Zzgl. 0,08Â â‚¬ Pfand (MEHRWEG)"
mangiare-berlin,"Fuze Tea Pfirsich 0,3Â l","3,85Â â‚¬(300 ml, 12,83Â â‚¬/l)Zzgl. 0,15Â â‚¬ Pfand (MEHRWEG)"
mangiare-berlin,"Fuze Tea Zitrone 0,3Â l","3,85Â â‚¬(300 ml, 12,83Â â‚¬/l)Zzgl. 0,15Â â‚¬ Pfand (MEHRWEG)"
mangiare-berlin,"San Pellegrino Sanbitter 0,098 l","3,85Â â‚¬(98 ml, 39,29Â â‚¬/l)Zzgl. 0,15Â â‚¬ Pfand (MEHRWEG)"
mangiare-berlin,"Birra Ichnusa Non Filtrata 0,33 l","4,92Â â‚¬(330 ml, 5 % Vol. Alkohol und 14,91Â â‚¬/l)18+Zzgl. 0,08Â â‚¬ Pfand (MEHRWEG)"
mangiare-berlin,"Limoncello Valbella 0,7 l","24,00Â â‚¬(700 ml, 25 % Vol. Alkohol und 34,29Â â‚¬/l)18+"
mangiare-berlin,"Augustiner Lagerbier Hell 0,33Â l","3,92Â â‚¬(330 ml, 5,2 % Vol. Alkohol und 11,88Â â‚¬/l)18+Zzgl. 0,08Â â‚¬ Pfand (MEHRWEG)"
w-pizza-mitte,Pizza Margherita,"13,50Â â‚¬"
w-pizza-mitte,Pizza Salami,"15,00Â â‚¬"
w-pizza-mitte,Pizza Picante,"16,50Â â‚¬"
w-pizza-mitte,Pizza Prosciutto Cotto,"16,00Â â‚¬"
w-pizza-mitte,Pizza Radicchio,"15,50Â â‚¬"
w-pizza-mitte,Pizza Tuna,"17,00Â â‚¬"
w-pizza-mitte,Pizza Bufala,"16,50Â â‚¬"
w-pizza-mitte,Pizza Alici,"15,50Â â‚¬"
w-pizza-mitte,Pizza Marinara Burrata,"16,00Â â‚¬"
w-pizza-mitte,Pizza Marinara Veggies,"14,50Â â‚¬"
w-pizza-mitte,Pizza Marinara Vegan,"11,00Â â‚¬"
w-pizza-mitte,Pizza Marinara Carciofi,"15,00Â â‚¬"
w-pizza-mitte,Focaccia Rosmarin,"7,00Â â‚¬"
w-pizza-mitte,Oliven,"4,00Â â‚¬"
w-pizza-mitte,Pizza Marinara Vegan,"11,00Â â‚¬"
w-pizza-mitte,Pizza Marinara Carciofi,"15,00Â â‚¬"
w-pizza-mitte,Pizza Marinara Veggies,"14,50Â â‚¬"
w-pizza-mitte,Pizza Margherita,"13,50Â â‚¬Beliebt"
w-pizza-mitte,Pizza Marinara Burrata,"16,00Â â‚¬"
w-pizza-mitte,Pizza Bufala,"16,50Â â‚¬"
w-pizza-mitte,Pizza Radicchio,"15,50Â â‚¬Beliebt"
w-pizza-mitte,Pizza Salami,"15,00Â â‚¬Beliebt"
w-pizza-mitte,Pizza Prosciutto Cotto,"16,00Â â‚¬Beliebt"
w-pizza-mitte,Pizza Picante,"16,50Â â‚¬Beliebt"
w-pizza-mitte,Pizza Alici,"15,50Â â‚¬"
w-pizza-mitte,Pizza Tuna,"17,00Â â‚¬"
w-pizza-mitte,"Spreequell Naturell 0,25l","2,85Â â‚¬(250 ml, 11,40Â â‚¬/l)Zzgl. 0,15Â â‚¬ Pfand (MEHRWEG)"
w-pizza-mitte,"Spreequell Naturell 0,75l","4,35Â â‚¬(750 ml, 5,80Â â‚¬/l)Zzgl. 0,15Â â‚¬ Pfand (MEHRWEG)"
w-pizza-mitte,"Spreequell Classic 0,25l","2,85Â â‚¬(250 ml, 11,40Â â‚¬/l)Zzgl. 0,15Â â‚¬ Pfand (MEHRWEG)"
w-pizza-mitte,"Spreequell Classic 0,75l","4,35Â â‚¬(750 ml, 5,80Â â‚¬/l)Zzgl. 0,15Â â‚¬ Pfand (MEHRWEG)"
capvin,Pizza Margherita Classica,"15,50Â â‚¬"
capvin,Pizza Vesuvio Piccante 2.0,"19,00Â â‚¬"
capvin,Pizza Margherita Provola e Pepe,"16,50Â â‚¬"
capvin,Pizza Burrata Rossa e Verde,"20,50Â â‚¬"
capvin,Pizza Margherita di Bufala,"18,00Â â‚¬"
capvin,Pizza Tonno Bianco,"18,00Â â‚¬"
capvin,Pizza Napoli,"18,00Â â‚¬"
capvin,Special fÃ¼r 2,"43,50Â â‚¬"
capvin,Pizza Burrata Bianca e Rosmarino,"19,50Â â‚¬"
capvin,Beilagensalat,"7,50Â â‚¬"
capvin,Pizza Margherita Vegana,"17,50Â â‚¬"
capvin,"Coca-ColaÂ® 0,2 l","5,00Â â‚¬(200 ml, 25,00Â â‚¬/l)Zzgl. 0,15Â â‚¬ Pfand (MEHRWEG)"
capvin,Special fÃ¼r 2,"43,50Â â‚¬"
capvin,Beilagensalat,"7,50Â â‚¬"
capvin,Bruschetta Classica,"9,50Â â‚¬"
capvin,Burrata Caprese,"15,50Â â‚¬"
capvin,Pizza Margherita Classica,"15,50Â â‚¬Beliebt"
capvin,Pizza Margherita Provola e Pepe,"16,50Â â‚¬Beliebt"
capvin,Pizza Margherita Vegana,"17,50Â â‚¬"
capvin,Pizza Margherita di Bufala,"18,00Â â‚¬Beliebt"
capvin,Pizza Napoli,"18,00Â â‚¬"
capvin,Pizza Tonno Bianco,"18,00Â â‚¬"
capvin,Pizza Vesuvio Piccante 2.0,"19,00Â â‚¬Beliebt"
capvin,Pizza Burrata Bianca e Rosmarino,"19,50Â â‚¬"
capvin,Pizza Burrata Rossa e Verde,"20,50Â â‚¬Beliebt"
capvin,"VÃ¶slauer Still 0,75 l","8,00Â â‚¬(750 ml, 10,67Â â‚¬/l)Zzgl. 0,15Â â‚¬ Pfand (MEHRWEG)"
capvin,"VÃ¶slauer Prickelnd 0,75 l","8,00Â â‚¬(750 ml, 10,67Â â‚¬/l)Zzgl. 0,15Â â‚¬ Pfand (MEHRWEG)"
capvin,"Coca-ColaÂ® 0,2 l","5,00Â â‚¬(200 ml, 25,00Â â‚¬/l)Zzgl. 0,15Â â‚¬ Pfand (MEHRWEG)"
capvin,"Coca-ColaÂ® Zero 0,2 l","5,00Â â‚¬(200 ml, 25,00Â â‚¬/l)Zzgl. 0,15Â â‚¬ Pfand (MEHRWEG)"
capvin,"Krombacher Weizen Alkoholfrei 0,5 l","7,00Â â‚¬(500 ml, 0,5 % Vol. Alkohol und 14,00Â â‚¬/l)18+Zzgl. 0,08Â â‚¬ Pfand (MEHRWEG)"
capvin,"Peroni Alkoholfrei 0,33 l","5,50Â â‚¬(330 ml, 16,67Â â‚¬/l)Zzgl. 0,08Â â‚¬ Pfand (MEHRWEG)"
neapizza1889,Pizza Queen Margherita,"12,50Â â‚¬"
neapizza1889,Pizza Diavola,"14,90Â â‚¬"
neapizza1889,Pizza Bufala,"14,90Â â‚¬"
neapizza1889,Pizza Prosciuitto e Funghi,"14,90Â â‚¬"
neapizza1889,Pizza 5 Formaggi,"14,90Â â‚¬"
neapizza1889,Pizza Nea 1889,"15,50Â â‚¬"
neapizza1889,Pizza Patatona,"14,90Â â‚¬"
neapizza1889,Pizza Wrong Margherita,"12,90Â â‚¬"
neapizza1889,Pizza Calzone Napoletano,"15,90Â â‚¬"
neapizza1889,Pizza A Marinara Starita Style,"12,00Â â‚¬"
neapizza1889,Pizza Salsiccia & Friarielli,"15,50Â â‚¬"
neapizza1889,Pizza Salame Mild,"13,90Â â‚¬"
neapizza1889,Aâ€˜ Marinarr Tradizionale,"10,00Â â‚¬"
neapizza1889,Pizza Queen Margherita,"12,50Â â‚¬Beliebt"
neapizza1889,Pizza A Marinara Starita Style,"12,00Â â‚¬"
neapizza1889,Pizza Wrong Margherita,"12,90Â â‚¬"
neapizza1889,Pizza Bufala,"14,90Â â‚¬Beliebt"
neapizza1889,Pizza Napule,"14,50Â â‚¬"
neapizza1889,Pizza Diavola,"14,90Â â‚¬Beliebt"
neapizza1889,Pizza 5 Formaggi,"14,90Â â‚¬Beliebt"
neapizza1889,Pizza Calzone Napoletano,"15,90Â â‚¬"
neapizza1889,Pizza Prosciuitto e Funghi,"14,90Â â‚¬Beliebt"
neapizza1889,Pizza Salsiccia & Friarielli,"15,50Â â‚¬"
neapizza1889,Pizza Nea 1889,"15,50Â â‚¬"
neapizza1889,Pizza Patatona,"14,90Â â‚¬"
neapizza1889,Pizza Carbonara Special,"15,90Â â‚¬"
neapizza1889,Pizza Perlage & Coo 2.1,"17,50Â â‚¬"
neapizza1889,Pizza Vegan,"13,90Â â‚¬"
neapizza1889,Ortolana (Weiss pizza ),"14,90Â â‚¬"
neapizza1889,Capricciosa By Nea,"17,00Â â‚¬"
neapizza1889,Pizza Salame Mild,"13,90Â â‚¬"
neapizza1889,In Diavola We Trust,"16,00Â â‚¬"
neapizza1889,Homemade Panna Cotta,"7,00Â â‚¬2 Ã¼brig"
neapizza1889,Tortino Ricotta & Pera,"7,90Â â‚¬2 Ã¼brig"
neapizza1889,"Acqua Panna 0,25 l","2,00Â â‚¬(250 ml, 8,00Â â‚¬/l)Zzgl. 0,15Â â‚¬ Pfand (MEHRWEG)"
neapizza1889,"San Pellegrino 0,25 l","2,00Â â‚¬(250 ml, 8,00Â â‚¬/l)Zzgl. 0,15Â â‚¬ Pfand (MEHRWEG)"
neapizza1889,"Cortese 1959 Originale Aranciata Rossa 0,275Â l","3,50Â â‚¬(275 ml, 12,73Â â‚¬/l)Zzgl. 0,15Â â‚¬ Pfand (MEHRWEG)"
neapizza1889,"Coca Cola 0,2L","3,20Â â‚¬(275 ml, 11,64Â â‚¬/l)Zzgl. 0,15Â â‚¬ Pfand (MEHRWEG)"
neapizza1889,"Peroni Alkoholfrei 0,33Â l","4,42Â â‚¬(330 ml, 13,39Â â‚¬/l)18+Zzgl. 0,08Â â‚¬ Pfand (MEHRWEG)"
neapizza1889,"Coca Cola Zero  0,2L","3,20Â â‚¬(275 ml, 11,64Â â‚¬/l)Zzgl. 0,15Â â‚¬ Pfand (MEHRWEG)"
neapizza1889,"Peroni Nastro Azzurro 0,33Â l","4,42Â â‚¬(330 ml, 5,1 % Vol. Alkohol und 13,39Â â‚¬/l)18+Zzgl. 0,08Â â‚¬ Pfand (MEHRWEG)"
neapizza1889,"Birra Ichnusa Non Filtrata 0,50l","7,00Â â‚¬(330 ml, 5 % Vol. Alkohol und 21,21Â â‚¬/l)18+Zzgl. 0,08Â â‚¬ Pfand (MEHRWEG)"
magic-johns,Spicy Vodka Detroit,"13,00Â â‚¬"
magic-johns,Pepperoni,"13,00Â â‚¬"
magic-johns,Wolt Lunch w/ Drink,"16,00Â â‚¬Zzgl. 0,25Â â‚¬ Pfand (EINWEG)"
magic-johns,Plain,"13,00Â â‚¬"
magic-johns,Okinawa Taco Detroit,"13,00Â â‚¬"
magic-johns,Truffle Detroit,"13,00Â â‚¬"
magic-johns,Knots Mix (6 StÃ¼ck),"7,00Â â‚¬"
magic-johns,Sausage & Onion Detroit,"13,00Â â‚¬"
magic-johns,Key Lime Smash (Glutenfrei),"5,00Â â‚¬"
magic-johns,Miso Knots (6 StÃ¼ck),"7,00Â â‚¬"
magic-johns,Magic Mousse (Glutenfrei),"5,00Â â‚¬"
magic-johns,Garlic Knots (6 StÃ¼ck),"7,00Â â‚¬"
magic-johns,Wolt Lunch w/ Drink,"16,00Â â‚¬Zzgl. 0,25Â â‚¬ Pfand (EINWEG)Beliebt"
magic-johns,Almond Pesto,"13,00Â â‚¬"
magic-johns,Almond Pesto Glutenfrei,"29,00Â â‚¬"
magic-johns,Plain,"13,00Â â‚¬Beliebt"
magic-johns,Pepperoni,"13,00Â â‚¬Beliebt"
magic-johns,Okinawa Taco Detroit,"13,00Â â‚¬Beliebt"
magic-johns,Sausage & Onion Detroit,"13,00Â â‚¬"
magic-johns,Spicy Vodka Detroit,"13,00Â â‚¬Beliebt"
magic-johns,Truffle Detroit,"13,00Â â‚¬"
magic-johns,Plain Glutenfrei,"29,00Â â‚¬"
magic-johns,Spicy Vodka Glutenfrei,"29,00Â â‚¬"
magic-johns,Pepperoni Glutenfrei,"29,00Â â‚¬"
magic-johns,Sausage & Onion Glutenfrei,"29,00Â â‚¬"
magic-johns,Garlic Knots (6 StÃ¼ck),"7,00Â â‚¬"
magic-johns,Miso Knots (6 StÃ¼ck),"7,00Â â‚¬"
magic-johns,Knots Mix (6 StÃ¼ck),"7,00Â â‚¬"
magic-johns,Key Lime Smash (Glutenfrei),"5,00Â â‚¬"
magic-johns,Magic Mousse (Glutenfrei),"5,00Â â‚¬"
magic-johns,Magic John's Best Friends Beer,"3,75Â â‚¬(5 % Vol. Alkohol)18+Zzgl. 0,25Â â‚¬ Pfand (EINWEG)"
magic-johns,"Vio Still 0,5l","2,75Â â‚¬Zzgl. 0,25Â â‚¬ Pfand (EINWEG)"
magic-johns,Vio Spritzig 0.5l,"2,75Â â‚¬Zzgl. 0,25Â â‚¬ Pfand (EINWEG)"
magic-johns,"Coca-Cola 0,33l","2,75Â â‚¬Zzgl. 0,25Â â‚¬ Pfand (EINWEG)"
magic-johns,"Coca-Cola Zero 0,33l","2,75Â â‚¬Zzgl. 0,25Â â‚¬ Pfand (EINWEG)"
magic-johns,"Coca-Cola Cherry 0,33l","2,75Â â‚¬Zzgl. 0,25Â â‚¬ Pfand (EINWEG)"
magic-johns,"Sprite 0,33l","2,75Â â‚¬Zzgl. 0,25Â â‚¬ Pfand (EINWEG)"
magic-johns,"Fanta 0,33l","2,75Â â‚¬Zzgl. 0,25Â â‚¬ Pfand (EINWEG)"
w-pizza-mitte,Pizza Margherita,"13,50Â â‚¬"
w-pizza-mitte,Pizza Salami,"15,00Â â‚¬"
w-pizza-mitte,Pizza Picante,"16,50Â â‚¬"
w-pizza-mitte,Pizza Prosciutto Cotto,"16,00Â â‚¬"
w-pizza-mitte,Pizza Radicchio,"15,50Â â‚¬"
w-pizza-mitte,Pizza Tuna,"17,00Â â‚¬"
w-pizza-mitte,Pizza Bufala,"16,50Â â‚¬"
w-pizza-mitte,Pizza Alici,"15,50Â â‚¬"
w-pizza-mitte,Pizza Marinara Burrata,"16,00Â â‚¬"
w-pizza-mitte,Pizza Marinara Veggies,"14,50Â â‚¬"
w-pizza-mitte,Pizza Marinara Vegan,"11,00Â â‚¬"
w-pizza-mitte,Pizza Marinara Carciofi,"15,00Â â‚¬"
w-pizza-mitte,Focaccia Rosmarin,"7,00Â â‚¬"
w-pizza-mitte,Oliven,"4,00Â â‚¬"
w-pizza-mitte,Pizza Marinara Vegan,"11,00Â â‚¬"
w-pizza-mitte,Pizza Marinara Carciofi,"15,00Â â‚¬"
w-pizza-mitte,Pizza Marinara Veggies,"14,50Â â‚¬"
w-pizza-mitte,Pizza Margherita,"13,50Â â‚¬Beliebt"
w-pizza-mitte,Pizza Marinara Burrata,"16,00Â â‚¬"
w-pizza-mitte,Pizza Bufala,"16,50Â â‚¬"
w-pizza-mitte,Pizza Radicchio,"15,50Â â‚¬Beliebt"
w-pizza-mitte,Pizza Salami,"15,00Â â‚¬Beliebt"
w-pizza-mitte,Pizza Prosciutto Cotto,"16,00Â â‚¬Beliebt"
w-pizza-mitte,Pizza Picante,"16,50Â â‚¬Beliebt"
w-pizza-mitte,Pizza Alici,"15,50Â â‚¬"
w-pizza-mitte,Pizza Tuna,"17,00Â â‚¬"
w-pizza-mitte,"Spreequell Naturell 0,25l","2,85Â â‚¬(250 ml, 11,40Â â‚¬/l)Zzgl. 0,15Â â‚¬ Pfand (MEHRWEG)"
w-pizza-mitte,"Spreequell Naturell 0,75l","4,35Â â‚¬(750 ml, 5,80Â â‚¬/l)Zzgl. 0,15Â â‚¬ Pfand (MEHRWEG)"
w-pizza-mitte,"Spreequell Classic 0,25l","2,85Â â‚¬(250 ml, 11,40Â â‚¬/l)Zzgl. 0,15Â â‚¬ Pfand (MEHRWEG)"
w-pizza-mitte,"Spreequell Classic 0,75l","4,35Â â‚¬(750 ml, 5,80Â â‚¬/l)Zzgl. 0,15Â â‚¬ Pfand (MEHRWEG)"
slice-society173,Mini Pepperoni Pizza,"16,50Â â‚¬"
slice-society173,Mini Cheese Pizza,"13,50Â â‚¬"
slice-society173,Half & Half Pizza,"26,00Â â‚¬"
slice-society173,Cheese Pizza,"26,00Â â‚¬"
slice-society173,Pepperoni Pizza,"34,00Â â‚¬"
slice-society173,Tomato Pizza,"26,00Â â‚¬"
slice-society173,Mini Tomato Garlic Pizza,"13,50Â â‚¬"
slice-society173,Cheese Pizza,"26,00Â â‚¬Beliebt"
slice-society173,Pepperoni Pizza,"34,00Â â‚¬"
slice-society173,Tomato Pizza,"26,00Â â‚¬"
slice-society173,Half & Half Pizza,"26,00Â â‚¬Beliebt"
slice-society173,Mini Cheese Pizza,"13,50Â â‚¬Beliebt"
slice-society173,Mini Pepperoni Pizza,"16,50Â â‚¬Beliebt"
slice-society173,Mini Tomato Garlic Pizza,"13,50Â â‚¬"
slice-society173,"Acqua Panna 0,25Â l","2,35Â â‚¬(250 ml, 9,40Â â‚¬/l)Zzgl. 0,15Â â‚¬ Pfand (MEHRWEG)"
slice-society173,"San Pellegrino 0,25Â l","2,35Â â‚¬(250 ml, 9,40Â â‚¬/l)Zzgl. 0,15Â â‚¬ Pfand (MEHRWEG)"
slice-society173,"Coca-ColaÂ® 0,2Â l","2,85Â â‚¬(200 ml, 14,25Â â‚¬/l)Zzgl. 0,15Â â‚¬ Pfand (MEHRWEG)"
slice-society173,"Lemonade 0,35 l","4,00Â â‚¬(350 ml, 11,43Â â‚¬/l)"
slice-society173,"Iced Tea 0,35 l","4,00Â â‚¬(350 ml, 11,43Â â‚¬/l)"
slice-society173,"Half Half 0,35 l","4,00Â â‚¬(350 ml, 11,43Â â‚¬/l)"
slice-society173,"Heineken 0,25 l","2,92Â â‚¬(250 ml, 5 % Vol. Alkohol und 11,68Â â‚¬/l)18+Zzgl. 0,08Â â‚¬ Pfand (MEHRWEG)"
slice-society173,"Chateau de Roquefort Petit Sale 0,75 l","28,00Â â‚¬(750 ml, 12,5 % Vol. Alkohol und 37,33Â â‚¬/l)18+"
slice-society173,"Chateau de Roquefort Corail 0,75 l","28,00Â â‚¬(750 ml, 13 % Vol. Alkohol und 37,33Â â‚¬/l)18+"
world-of-pizza-mitte,Pizza Margherita,"9,99Â â‚¬"
world-of-pizza-mitte,Pizza Salami,"11,99Â â‚¬"
world-of-pizza-mitte,Pizza Tonno,"11,99Â â‚¬"
world-of-pizza-mitte,Pizza Funghi,"11,99Â â‚¬"
world-of-pizza-mitte,Pizza Hawaii,"11,99Â â‚¬"
world-of-pizza-mitte,Pommes frites,"5,99Â â‚¬"
world-of-pizza-mitte,Kids-MenÃ¼ â€“ Pizza,"6,99Â â‚¬"
world-of-pizza-mitte,Blumenkohlwings,"9,99Â â‚¬"
world-of-pizza-mitte,Pizza Curry,"14,99Â â‚¬"
world-of-pizza-mitte,Lasagne Bologna,"13,99Â â‚¬"
world-of-pizza-mitte,Pizza Michigan,"11,99Â â‚¬"
world-of-pizza-mitte,Pizza Prosciutto,"11,99Â â‚¬"
world-of-pizza-mitte,Pizza Chicken Sunset,"16,99Â â‚¬"
world-of-pizza-mitte,Pizza Chicken Sunset glutenfrei,"18,99Â â‚¬"
world-of-pizza-mitte,Salat Serrano Berry,"11,99Â â‚¬"
world-of-pizza-mitte,Pizzaecken Bruschetta Bites,"7,99Â â‚¬"
world-of-pizza-mitte,Pizzaecken Bruschetta Bites vegan,"7,99Â â‚¬"
world-of-pizza-mitte,Street Fries Bruschetta,"8,99Â â‚¬"
world-of-pizza-mitte,465 ml Ben & Jerry's Brookies & Cream,"9,99Â â‚¬(465 ml, 21,48Â â‚¬/l)"
world-of-pizza-mitte,Pizza Margherita,"9,99Â â‚¬Beliebt"
world-of-pizza-mitte,Pizza Margherita glutenfrei,"11,99Â â‚¬"
world-of-pizza-mitte,Pizza Margherita vegan,"9,99Â â‚¬"
world-of-pizza-mitte,Pizza Margherita vegan glutenfrei,"11,99Â â‚¬"
world-of-pizza-mitte,Pizza Elsass,"11,99Â â‚¬"
world-of-pizza-mitte,Pizza Elsass glutenfrei,"13,99Â â‚¬"
world-of-pizza-mitte,Pizza Funghi,"11,99Â â‚¬Beliebt"
world-of-pizza-mitte,Pizza Funghi glutenfrei,"13,99Â â‚¬"
world-of-pizza-mitte,Pizza Hawaii,"11,99Â â‚¬Beliebt"
world-of-pizza-mitte,Pizza Hawaii glutenfrei,"13,99Â â‚¬"
world-of-pizza-mitte,Pizza Michigan,"11,99Â â‚¬"
world-of-pizza-mitte,Pizza Michigan glutenfrei,"13,99Â â‚¬"
world-of-pizza-mitte,Pizza Prosciutto,"11,99Â â‚¬"
world-of-pizza-mitte,Pizza Prosciutto glutenfrei,"13,99Â â‚¬"
world-of-pizza-mitte,Pizza Salami,"11,99Â â‚¬Beliebt"
world-of-pizza-mitte,Pizza Salami glutenfrei,"13,99Â â‚¬"
world-of-pizza-mitte,Pizza Tonno,"11,99Â â‚¬Beliebt"
world-of-pizza-mitte,Pizza Tonno glutenfrei,"13,99Â â‚¬"
world-of-pizza-mitte,Pizza Amsterdam,"14,99Â â‚¬"
world-of-pizza-mitte,Pizza California,"14,99Â â‚¬"
world-of-pizza-mitte,Pizza California glutenfrei,"16,99Â â‚¬"
world-of-pizza-mitte,Pizza Curry,"14,99Â â‚¬"
world-of-pizza-mitte,Pizza Curry glutenfrei,"16,99Â â‚¬"
world-of-pizza-mitte,Pizza Holland,"14,99Â â‚¬"
world-of-pizza-mitte,Pizza Hawaii vegan,"14,99Â â‚¬"
world-of-pizza-mitte,Pizza Mist(a)er,"14,99Â â‚¬"
world-of-pizza-mitte,Pizza Mist(a)er glutenfrei,"16,99Â â‚¬"
world-of-pizza-mitte,Pizza Rucola,"14,99Â â‚¬"
world-of-pizza-mitte,Pizza WOP Dog,"14,99Â â‚¬"
world-of-pizza-mitte,Pizza Dutchman,"16,99Â â‚¬"
world-of-pizza-mitte,Pizza Dutchman glutenfrei,"18,99Â â‚¬"
world-of-pizza-mitte,Pizza GemÃ¼sebeet vegetarisch,"16,99Â â‚¬"
world-of-pizza-mitte,Pizza GemÃ¼sebeet vegetarisch glutenfrei,"18,99Â â‚¬"
world-of-pizza-mitte,Pizza GemÃ¼sebeet vegan,"16,99Â â‚¬"
world-of-pizza-mitte,Pizza GemÃ¼sebeet vegan glutenfrei,"18,99Â â‚¬"
world-of-pizza-mitte,Pizza Italiano,"16,99Â â‚¬"
world-of-pizza-mitte,Pizza Italiano glutenfrei,"18,99Â â‚¬"
world-of-pizza-mitte,Pizza Kansas,"16,99Â â‚¬"
world-of-pizza-mitte,Pizza Montana,"16,99Â â‚¬"
world-of-pizza-mitte,Pizza Montana glutenfrei,"18,99Â â‚¬"
world-of-pizza-mitte,Pizza Montana vegan,"16,99Â â‚¬"
world-of-pizza-mitte,Pizza Oklahoma Chicken,"16,99Â â‚¬"
world-of-pizza-mitte,Pizza Oslo,"16,99Â â‚¬"
world-of-pizza-mitte,Pizza Philadelphia,"16,99Â â‚¬"
world-of-pizza-mitte,Pizza Philadelphia glutenfrei,"18,99Â â‚¬"
world-of-pizza-mitte,Pizza Salamistyle vegan,"11,99Â â‚¬"
world-of-pizza-mitte,Pizza Salamico vegan,"16,99Â â‚¬"
world-of-pizza-mitte,Pizza Spring Rod,"16,99Â â‚¬"
world-of-pizza-mitte,Pizza Sucuk,"16,99Â â‚¬"
world-of-pizza-mitte,Pizza Sucuk glutenfrei,"18,99Â â‚¬"
world-of-pizza-mitte,Pizza Teriyaki Chicken,"16,99Â â‚¬"
world-of-pizza-mitte,Pizza Texas,"16,99Â â‚¬"
world-of-pizza-mitte,Pizza Western vegan,"16,99Â â‚¬"
world-of-pizza-mitte,Pizza Zingara,"16,99Â â‚¬"
world-of-pizza-mitte,Pizza Chicken Kebab,"16,99Â â‚¬"
world-of-pizza-mitte,Pizza Chicken Kebab glutenfrei,"18,99Â â‚¬"
world-of-pizza-mitte,Meine PizzabrÃ¶tchen,"8,99Â â‚¬"
world-of-pizza-mitte,Meine PizzabrÃ¶tchen vegan,"8,99Â â‚¬"
world-of-pizza-mitte,PizzabrÃ¶tchen Like Meat vegan,"9,99Â â‚¬"
world-of-pizza-mitte,PizzabrÃ¶tchen Salami & KÃ¤se,"9,99Â â‚¬"
world-of-pizza-mitte,PizzabrÃ¶tchen Spinat & HirtenkÃ¤se,"9,99Â â‚¬"
world-of-pizza-mitte,PizzabrÃ¶tchen Schinken & KÃ¤se,"9,99Â â‚¬"
world-of-pizza-mitte,PizzabrÃ¶tchen ungefÃ¼llt,"6,99Â â‚¬"
world-of-pizza-mitte,PizzabrÃ¶tchen WOP Dog,"10,99Â â‚¬"
world-of-pizza-mitte,American Style Burger,"9,99Â â‚¬"
world-of-pizza-mitte,BBQ Bacon Burger,"9,99Â â‚¬"
world-of-pizza-mitte,Chili Cheeseburger,"9,99Â â‚¬"
world-of-pizza-mitte,Chipotle Beef Burger,"9,99Â â‚¬"
world-of-pizza-mitte,Crispy Chicken Burger,"12,99Â â‚¬"
world-of-pizza-mitte,Guacamole Beef Burger,"9,99Â â‚¬"
world-of-pizza-mitte,Oat Meal Burger,"12,99Â â‚¬"
world-of-pizza-mitte,Plant Crunchy Chick'n Burger,"12,99Â â‚¬"
world-of-pizza-mitte,World Burger,"9,99Â â‚¬"
world-of-pizza-mitte,American Style Burger-MenÃ¼ Small,"15,99Â â‚¬Zzgl. 0,15Â â‚¬ Pfand (MEHRWEG)"
world-of-pizza-mitte,Chili Cheeseburger-MenÃ¼ Small,"15,99Â â‚¬Zzgl. 0,15Â â‚¬ Pfand (MEHRWEG)"
world-of-pizza-mitte,Chipotle Beef Burger-MenÃ¼ Small,"15,99Â â‚¬Zzgl. 0,15Â â‚¬ Pfand (MEHRWEG)"
world-of-pizza-mitte,Oat Meal Burger-MenÃ¼ Normal,"18,99Â â‚¬Zzgl. 0,15Â â‚¬ Pfand (MEHRWEG)"
world-of-pizza-mitte,World Burger-MenÃ¼ Small,"15,99Â â‚¬Zzgl. 0,15Â â‚¬ Pfand (MEHRWEG)"
world-of-pizza-mitte,BBQ Bacon Burger-MenÃ¼ Normal,"18,99Â â‚¬Zzgl. 0,15Â â‚¬ Pfand (MEHRWEG)"
world-of-pizza-mitte,Chili Cheeseburger-MenÃ¼ Normal,"18,99Â â‚¬Zzgl. 0,15Â â‚¬ Pfand (MEHRWEG)"
world-of-pizza-mitte,Chipotle Beef Burger-MenÃ¼ Normal,"18,99Â â‚¬Zzgl. 0,15Â â‚¬ Pfand (MEHRWEG)"
world-of-pizza-mitte,Crispy Chicken Burger-MenÃ¼ Normal,"18,99Â â‚¬Zzgl. 0,15Â â‚¬ Pfand (MEHRWEG)"
world-of-pizza-mitte,Plant Crunchy Chick'n Burger-MenÃ¼ Normal,"18,99Â â‚¬Zzgl. 0,15Â â‚¬ Pfand (MEHRWEG)"
world-of-pizza-mitte,World Burger-MenÃ¼ Normal,"18,99Â â‚¬Zzgl. 0,15Â â‚¬ Pfand (MEHRWEG)"
world-of-pizza-mitte,Guacamole Beef Burger-MenÃ¼ Small,"15,99Â â‚¬Zzgl. 0,15Â â‚¬ Pfand (MEHRWEG)"
world-of-pizza-mitte,Guacamole Beef Burger-MenÃ¼ Normal,"18,99Â â‚¬Zzgl. 0,15Â â‚¬ Pfand (MEHRWEG)"
world-of-pizza-mitte,American Style Burger-MenÃ¼ Normal,"18,99Â â‚¬Zzgl. 0,15Â â‚¬ Pfand (MEHRWEG)"
world-of-pizza-mitte,Blumenkohlwings,"9,99Â â‚¬"
world-of-pizza-mitte,Chicken Box,"12,99Â â‚¬"
world-of-pizza-mitte,Chicken Nuggets,"9,99Â â‚¬"
world-of-pizza-mitte,Chicken Wings,"12,99Â â‚¬"
world-of-pizza-mitte,Country Potatoes,"5,99Â â‚¬"
world-of-pizza-mitte,Fingerfood Box,"24,99Â â‚¬"
world-of-pizza-mitte,Knoblauch-Ecken,"5,99Â â‚¬"
world-of-pizza-mitte,Knoblauch-KÃ¤se-Ecken,"6,99Â â‚¬"
world-of-pizza-mitte,Knoblauch-KÃ¤se-Ecken vegan,"6,99Â â‚¬"
world-of-pizza-mitte,Onion Rings Box,"6,99Â â‚¬(0,8 % Vol. Alkohol)"
world-of-pizza-mitte,Pommes frites,"5,99Â â‚¬"
world-of-pizza-mitte,Bowl Teriyaki Beef,"11,99Â â‚¬"
world-of-pizza-mitte,Bowl Teriyaki Chicken,"11,99Â â‚¬"
world-of-pizza-mitte,Bowl Medina,"11,99Â â‚¬"
world-of-pizza-mitte,Bowl Osaka,"11,99Â â‚¬"
world-of-pizza-mitte,Salat Greece,"11,99Â â‚¬"
world-of-pizza-mitte,Salat Italy,"11,99Â â‚¬"
world-of-pizza-mitte,Salat Red Garden,"11,99Â â‚¬"
world-of-pizza-mitte,Snack Salat,"4,99Â â‚¬"
world-of-pizza-mitte,Wrap Caesar,"9,99Â â‚¬"
world-of-pizza-mitte,Wrap Chicken Kebab,"9,99Â â‚¬"
world-of-pizza-mitte,Wrap Chipotle Chicken,"9,99Â â‚¬"
world-of-pizza-mitte,Wrap Gartenfrisch,"9,99Â â‚¬"
world-of-pizza-mitte,Wrap Miami,"9,99Â â‚¬"
world-of-pizza-mitte,Wrap Plant Crunchy Chick'n,"9,99Â â‚¬"
world-of-pizza-mitte,Pasta Gamba,"13,99Â â‚¬"
world-of-pizza-mitte,Pasta Gourmet,"13,99Â â‚¬"
world-of-pizza-mitte,Lasagne Bologna,"13,99Â â‚¬"
world-of-pizza-mitte,Lasagne Lachs,"13,99Â â‚¬"
world-of-pizza-mitte,Meine Pasta,"10,99Â â‚¬"
world-of-pizza-mitte,Gratin Catania,"13,99Â â‚¬"
world-of-pizza-mitte,Gratin Nizza,"13,99Â â‚¬"
world-of-pizza-mitte,Gratin Siena,"13,99Â â‚¬"
world-of-pizza-mitte,Aioli-Dip (80 ml),"1,99Â â‚¬(80 ml, 24,88Â â‚¬/l)"
world-of-pizza-mitte,Barbecue-Dip (80 ml),"1,99Â â‚¬(80 ml, 24,88Â â‚¬/l)"
world-of-pizza-mitte,Chili Dip (60 ml),"1,99Â â‚¬(60 ml, 33,17Â â‚¬/l)"
world-of-pizza-mitte,Curry Dip (60 ml),"1,99Â â‚¬(60 ml, 33,17Â â‚¬/l)"
world-of-pizza-mitte,Guacamole-Dip (60 ml),"1,99Â â‚¬(60 ml, 33,17Â â‚¬/l)"
world-of-pizza-mitte,Ketchup-Dip (40 ml),"1,99Â â‚¬(40 ml, 49,75Â â‚¬/l)"
world-of-pizza-mitte,Ketchup-Mayonnaise-Dip (40 ml),"1,99Â â‚¬(40 ml, 49,75Â â‚¬/l)"
world-of-pizza-mitte,Mayonnaise-Dip (40 ml),"1,99Â â‚¬(40 ml, 49,75Â â‚¬/l)"
world-of-pizza-mitte,Mayonnaise-SoÃŸe vegan (60ml),"1,99Â â‚¬(60 ml, 33,17Â â‚¬/l)"
world-of-pizza-mitte,Sour-Cream-Dip (80 ml),"1,99Â â‚¬(80 ml, 24,88Â â‚¬/l)"
world-of-pizza-mitte,Teriyaki Sauce (60 ml),"1,99Â â‚¬(60 ml, 33,17Â â‚¬/l)"
world-of-pizza-mitte,Tsatsiki (60 ml),"1,99Â â‚¬(80 ml, 24,88Â â‚¬/l)"
world-of-pizza-mitte,VanillesoÃŸe (60 ml),"1,99Â â‚¬(60 ml, 33,17Â â‚¬/l)"
world-of-pizza-mitte,Wasabi-Mayonnaise (60 ml),"1,99Â â‚¬(60 ml, 33,17Â â‚¬/l)"
world-of-pizza-mitte,Ben & Jerryâ€™s Chocolate Fudge Brownie (100 ml),"3,99Â â‚¬(100 ml, 39,90Â â‚¬/l)"
world-of-pizza-mitte,Ben & Jerryâ€™s Cookie Dough (100 ml),"3,99Â â‚¬(100 ml, 39,90Â â‚¬/l)"
world-of-pizza-mitte,Ben & Jerry's vegan Cookies on Cookie Dough (465 ml),"9,99Â â‚¬(465 ml, 21,48Â â‚¬/l)"
world-of-pizza-mitte,Ben & Jerryâ€™s Karamel Sutra (465 ml),"9,99Â â‚¬(465 ml, 21,48Â â‚¬/l)"
world-of-pizza-mitte,Ben & Jerryâ€™s Peanut Butter Cup (465 ml),"9,99Â â‚¬(465 ml, 21,48Â â‚¬/l)"
world-of-pizza-mitte,HÃ¤agen-Dazs Belgian Chocolate (460 ml),"9,99Â â‚¬(460 ml, 21,72Â â‚¬/l)"
world-of-pizza-mitte,HÃ¤agen-Dazs Cookies & Cream (460 ml),"9,99Â â‚¬(460 ml, 21,72Â â‚¬/l)"
world-of-pizza-mitte,HÃ¤agen-Dazs Strawberries & Cream (460 ml),"9,99Â â‚¬(460 ml, 21,72Â â‚¬/l)"
world-of-pizza-mitte,HÃ¤agen-Dazs Vanilla Caramel Brownie (460 ml),"9,99Â â‚¬(460 ml, 21,72Â â‚¬/l)"
world-of-pizza-mitte,Kids-MenÃ¼ â€“ Pasta,"6,99Â â‚¬"
world-of-pizza-mitte,Kids-MenÃ¼ â€“ Nuggets,"6,99Â â‚¬"
world-of-pizza-mitte,Kids-MenÃ¼ â€“ Burger,"6,99Â â‚¬"
world-of-pizza-mitte,Kids-MenÃ¼ â€“ Pizza,"6,99Â â‚¬"
world-of-pizza-mitte,Cookie Chocolate Chunk (103g),"2,99Â â‚¬(103 g, 29,03Â â‚¬/kg)"
world-of-pizza-mitte,Cookie Triple Belgian Chocolate (103g),"2,99Â â‚¬(103 g, 29,03Â â‚¬/kg)"
world-of-pizza-mitte,Sweeties,"5,99Â â‚¬"
world-of-pizza-mitte,"Vio Medium (0,5 l)","2,25Â â‚¬(500 ml, 4,50Â â‚¬/l)Zzgl. 0,25Â â‚¬ Pfand (EINWEG)"
world-of-pizza-mitte,"Vio Still (0,5 l)","2,25Â â‚¬(500 ml, 4,50Â â‚¬/l)Zzgl. 0,25Â â‚¬ Pfand (EINWEG)"
world-of-pizza-mitte,"Coca-ColaÂ® (0,33 l)","2,60Â â‚¬(330 ml, 7,88Â â‚¬/l)Zzgl. 0,15Â â‚¬ Pfand (MEHRWEG)"
world-of-pizza-mitte,"Coca-ColaÂ® (1,0 l)","3,85Â â‚¬(1 l, 3,85Â â‚¬/l)Zzgl. 0,15Â â‚¬ Pfand (MEHRWEG)"
world-of-pizza-mitte,"Coca-ColaÂ® Zero (0,33 l)","2,60Â â‚¬(330 ml, 7,88Â â‚¬/l)Zzgl. 0,15Â â‚¬ Pfand (MEHRWEG)"
world-of-pizza-mitte,"Coca-ColaÂ® Zero (1,0 l)","3,85Â â‚¬(1 l, 3,85Â â‚¬/l)Zzgl. 0,15Â â‚¬ Pfand (MEHRWEG)"
world-of-pizza-mitte,"Fanta (0,33 l)","2,60Â â‚¬(330 ml, 7,88Â â‚¬/l)Zzgl. 0,15Â â‚¬ Pfand (MEHRWEG)"
world-of-pizza-mitte,"Fanta (1,0 l)","3,85Â â‚¬(1 l, 3,85Â â‚¬/l)Zzgl. 0,15Â â‚¬ Pfand (MEHRWEG)"
world-of-pizza-mitte,"Sprite (0,33 l)","2,60Â â‚¬(330 ml, 7,88Â â‚¬/l)Zzgl. 0,15Â â‚¬ Pfand (MEHRWEG)"
world-of-pizza-mitte,"Sprite (1,0 l)","3,85Â â‚¬(1 l, 3,85Â â‚¬/l)Zzgl. 0,15Â â‚¬ Pfand (MEHRWEG)"
world-of-pizza-mitte,"Fuze Tea Pfirsich (0,4 l)","3,25Â â‚¬(400 ml, 8,13Â â‚¬/l)Zzgl. 0,25Â â‚¬ Pfand (EINWEG)"
world-of-pizza-mitte,"Fuze Tea  Zitrone (0,4 l)","3,25Â â‚¬(400 ml, 8,13Â â‚¬/l)Zzgl. 0,25Â â‚¬ Pfand (EINWEG)"
world-of-pizza-mitte,"Capri-Sun Orange (0,2 l)","2,00Â â‚¬(200 ml, 10,00Â â‚¬/l)"
world-of-pizza-mitte,"Hohes C Plus Calcium & Vitamin D (0,2 l)","2,00Â â‚¬(200 ml, 10,00Â â‚¬/l)"
world-of-pizza-mitte,"Monster Energy Drink (0,5 l)","3,25Â â‚¬(500 ml, 6,50Â â‚¬/l)Zzgl. 0,25Â â‚¬ Pfand (EINWEG)"
world-of-pizza-mitte,"Monster Juiced Energy Drink Juice Mango Loco 0,5Â l","3,25Â â‚¬(500 ml, 6,50Â â‚¬/l)Zzgl. 0,25Â â‚¬ Pfand (EINWEG)"
world-of-pizza-mitte,"Krombacher Pils Alkoholfrei (0,33 l)","2,92Â â‚¬(330 ml, 4 % Vol. Alkohol und 8,85Â â‚¬/l)18+Zzgl. 0,08Â â‚¬ Pfand (MEHRWEG)"
world-of-pizza-mitte,"Krombacher Pils Alkoholfrei (0,5 l)","3,42Â â‚¬(500 ml, 0,5 % Vol. Alkohol und 6,84Â â‚¬/l)Zzgl. 0,08Â â‚¬ Pfand (MEHRWEG)"
world-of-pizza-mitte,"Krombacher Spezi (0,5 l)","2,42Â â‚¬(500 ml, 0,5 % Vol. Alkohol und 4,84Â â‚¬/l)Zzgl. 0,08Â â‚¬ Pfand (MEHRWEG)"
world-of-pizza-mitte,"Krombacher Pils 0,33 l (alc. 4,8% vol)","2,92Â â‚¬(330 ml, 4,8 % Vol. Alkohol und 8,85Â â‚¬/l)18+Zzgl. 0,08Â â‚¬ Pfand (MEHRWEG)"
world-of-pizza-mitte,"Krombacher Pils 0,5 l","3,42Â â‚¬(500 ml, 4,8 % Vol. Alkohol und 6,84Â â‚¬/l)18+Zzgl. 0,08Â â‚¬ Pfand (MEHRWEG)"
world-of-pizza-mitte,"Augustiner hell 0,5Â l","3,92Â â‚¬(500 ml, 5,4 % Vol. Alkohol und 7,84Â â‚¬/l)18+Zzgl. 0,08Â â‚¬ Pfand (MEHRWEG)"
world-of-pizza-mitte,"Merlot trocken, rot 0,75 l (alc. 12,5% vol)","12,99Â â‚¬(750 ml, 12,5 % Vol. Alkohol und 17,32Â â‚¬/l)18+"
world-of-pizza-mitte,"Liebfraumilch 0,75 l (alc. 8% vol)","12,99Â â‚¬(750 ml, 8,5 % Vol. Alkohol und 17,32Â â‚¬/l)18+"
world-of-pizza-mitte,"Chardonnay trocken, weiÃŸ 0,75 l (alc. 12% vol)","12,99Â â‚¬(750 ml, 12 % Vol. Alkohol und 17,32Â â‚¬/l)18+"
milano-vice-checkpoint-charlie-bln,Pizza Margherita,"10,85Â â‚¬"
milano-vice-checkpoint-charlie-bln,3 fÃ¼r 33 Combo,"33,00Â â‚¬"
milano-vice-checkpoint-charlie-bln,Pizza Salami Sensation ,"12,65Â â‚¬"
milano-vice-checkpoint-charlie-bln,Pizza Hot HoneyðŸŒ¶,"14,25Â â‚¬"
milano-vice-checkpoint-charlie-bln,Pizza Tuna ,"12,85Â â‚¬"
milano-vice-checkpoint-charlie-bln,Pizza Fantastic Funghi,"12,85Â â‚¬"
milano-vice-checkpoint-charlie-bln,Pizza Very Veggy  ,"12,85Â â‚¬"
milano-vice-checkpoint-charlie-bln,Pizza Prosciutto Paradise,"12,65Â â‚¬"
milano-vice-checkpoint-charlie-bln,Pizza Hello PiccanteðŸŒ¶ ðŸŒ¶ ðŸŒ¶ ,"13,45Â â‚¬"
milano-vice-checkpoint-charlie-bln,Pizza BBQ Chicken,"13,85Â â‚¬"
milano-vice-checkpoint-charlie-bln,Pizza Very Vegan Veggy  ðŸŒ±,"13,25Â â‚¬"
milano-vice-checkpoint-charlie-bln,Party Combo (5 Pizzen + GetrÃ¤nk),"62,59Â â‚¬Zzgl. 0,15Â â‚¬ Pfand (MEHRWEG)"
milano-vice-checkpoint-charlie-bln,3 fÃ¼r 33 Combo,"33,00Â â‚¬Beliebt"
milano-vice-checkpoint-charlie-bln,Party Combo (5 Pizzen + GetrÃ¤nk),"62,59Â â‚¬Zzgl. 0,15Â â‚¬ Pfand (MEHRWEG)"
milano-vice-checkpoint-charlie-bln,Ultimate Combo fÃ¼r 2 (2 Pizzen + Dip + Beilage),"31,79Â â‚¬"
milano-vice-checkpoint-charlie-bln,Dolce Vita Combo fÃ¼r 1 (Pizza + Dip + Dessert),"20,79Â â‚¬"
milano-vice-checkpoint-charlie-bln,Pizza Hot HoneyðŸŒ¶,"14,25Â â‚¬Beliebt"
milano-vice-checkpoint-charlie-bln,Pizza Very Veggy  ,"12,85Â â‚¬"
milano-vice-checkpoint-charlie-bln,Pizza Truffle Salami,"13,85Â â‚¬(13 ml, 1.065,38Â â‚¬/l)"
milano-vice-checkpoint-charlie-bln,Pizza Margherita,"10,85Â â‚¬Beliebt"
milano-vice-checkpoint-charlie-bln,Pizza Salami Sensation ,"12,65Â â‚¬Beliebt"
milano-vice-checkpoint-charlie-bln,Pizza Double Salami Sensation ,"14,65Â â‚¬(13 Stk., 1,13Â â‚¬/St.)"
milano-vice-checkpoint-charlie-bln,Pizza Tuna ,"12,85Â â‚¬Beliebt"
milano-vice-checkpoint-charlie-bln,Pizza Hello PiccanteðŸŒ¶ ðŸŒ¶ ðŸŒ¶ ,"13,45Â â‚¬"
milano-vice-checkpoint-charlie-bln,Pizza Fantastic Funghi,"12,85Â â‚¬"
milano-vice-checkpoint-charlie-bln,Pizza Prosciutto Paradise,"12,65Â â‚¬"
milano-vice-checkpoint-charlie-bln,Pizza Hawaii Heaven,"13,25Â â‚¬"
milano-vice-checkpoint-charlie-bln,Pizza Royal Vice ,"14,25Â â‚¬"
milano-vice-checkpoint-charlie-bln,Pizza Hot HoneyðŸŒ¶,"14,25Â â‚¬"
milano-vice-checkpoint-charlie-bln,Pizza BBQ Chicken,"13,85Â â‚¬"
milano-vice-checkpoint-charlie-bln,Pizza Very Veggy  ,"12,85Â â‚¬"
milano-vice-checkpoint-charlie-bln,Pizza Truffle Salami,"13,85Â â‚¬(13 ml, 1.065,38Â â‚¬/l)"
milano-vice-checkpoint-charlie-bln,Pizza Vegan TunaðŸŒ±,"14,25Â â‚¬"
milano-vice-checkpoint-charlie-bln,Pizza Very Vegan Veggy  ðŸŒ±,"13,25Â â‚¬"
milano-vice-checkpoint-charlie-bln,Pizza Vegan Fantastic FunghiðŸŒ±,"13,25Â â‚¬"
milano-vice-checkpoint-charlie-bln,Classic Dippers ,"5,65Â â‚¬"
milano-vice-checkpoint-charlie-bln,Cheesy Dippers ,"5,85Â â‚¬"
milano-vice-checkpoint-charlie-bln,Knoblauch DipðŸŒ±,"2,45Â â‚¬(100 ml, 24,50Â â‚¬/l)"
milano-vice-checkpoint-charlie-bln,Basilikum DipðŸŒ±,"1,90Â â‚¬"
milano-vice-checkpoint-charlie-bln,TrÃ¼ffel DipðŸŒ±,"1,90Â â‚¬"
milano-vice-checkpoint-charlie-bln,Tiramisu Classic,"4,85Â â‚¬(100 g, 48,50Â â‚¬/kg)"
milano-vice-checkpoint-charlie-bln,Nutella Pizza ,"9,85Â â‚¬"
milano-vice-checkpoint-charlie-bln,Schoko Explosion,"5,25Â â‚¬"
milano-vice-checkpoint-charlie-bln,"Coca Cola 0,5L","3,25Â â‚¬(500 ml, 6,50Â â‚¬/l)Zzgl. 0,25Â â‚¬ Pfand (EINWEG)"
milano-vice-checkpoint-charlie-bln,Coca-Cola 1L,"3,85Â â‚¬(1 l, 3,85Â â‚¬/l)Zzgl. 0,15Â â‚¬ Pfand (MEHRWEG)"
milano-vice-checkpoint-charlie-bln,"Coca Cola Zero 0,5L","3,25Â â‚¬(500 ml, 6,50Â â‚¬/l)Zzgl. 0,25Â â‚¬ Pfand (EINWEG)"
milano-vice-checkpoint-charlie-bln,Coca-Cola zero 1L,"3,85Â â‚¬(999 ml, 3,85Â â‚¬/l)Zzgl. 0,15Â â‚¬ Pfand (MEHRWEG)"
milano-vice-checkpoint-charlie-bln,"Fanta 0,5L","3,25Â â‚¬(500 ml, 6,50Â â‚¬/l)Zzgl. 0,25Â â‚¬ Pfand (EINWEG)"
milano-vice-checkpoint-charlie-bln,Fanta 1L,"3,85Â â‚¬(100 ml, 38,50Â â‚¬/l)Zzgl. 0,15Â â‚¬ Pfand (MEHRWEG)"
milano-vice-checkpoint-charlie-bln,"Sprite 0,5L","3,25Â â‚¬(500 ml, 6,50Â â‚¬/l)Zzgl. 0,25Â â‚¬ Pfand (EINWEG)"
milano-vice-checkpoint-charlie-bln,Sprite 1L,"3,85Â â‚¬Zzgl. 0,15Â â‚¬ Pfand (MEHRWEG)"
fergy-deep-dish-mitte,Deep Pepperoni 2pcs,"10,00Â â‚¬"
fergy-deep-dish-mitte,Deep Mushroom 2pcs,"10,00Â â‚¬"
fergy-deep-dish-mitte,Deep Pepperoni,"18,00Â â‚¬"
fergy-deep-dish-mitte,Deep Mac & Cheese 2pcs,"11,00Â â‚¬"
fergy-deep-dish-mitte,Deep Mushroom 2pcs,"8,00Â â‚¬"
fergy-deep-dish-mitte,Deep Pepperoni,"18,00Â â‚¬"
fergy-deep-dish-mitte,Deep Pepperoni 2pcs,"9,00Â â‚¬"
fergy-deep-dish-mitte,Deep Bolo 2pcs,"10,00Â â‚¬"
fergy-deep-dish-mitte,Deep Cheddar 2pcs,"9,00Â â‚¬"
fergy-deep-dish-mitte,Deep Mac & Cheese,"19,00Â â‚¬"
fergy-deep-dish-mitte,Deep Mac & Cheese,"19,00Â â‚¬"
fergy-deep-dish-mitte,Deep Spinach 2pc,"11,00Â â‚¬"
fergy-deep-dish-mitte,Deep Pepperoni 2pcs,"9,00Â â‚¬"
fergy-deep-dish-mitte,Deep Mushroom 2pcs,"8,00Â â‚¬"
fergy-deep-dish-mitte,Deep Pepperoni,"18,00Â â‚¬"
fergy-deep-dish-mitte,Deep Mac & Cheese,"19,00Â â‚¬"
fergy-deep-dish-mitte,Deep Spinach,"19,00Â â‚¬"
fergy-deep-dish-mitte,Deep Spinach 2pc,"11,00Â â‚¬"
fergy-deep-dish-mitte,Deep Supreme,"20,00Â â‚¬"
fergy-deep-dish-mitte,Deep Pepperoni,"18,00Â â‚¬Beliebt"
fergy-deep-dish-mitte,Deep Bolo,"18,00Â â‚¬"
fergy-deep-dish-mitte,Deep Mac & Cheese,"19,00Â â‚¬"
fergy-deep-dish-mitte,Deep Cheddar,"16,00Â â‚¬"
fergy-deep-dish-mitte,Deep Mushroom,"17,00Â â‚¬"
fergy-deep-dish-mitte,Deep Supreme 2pcs,"12,00Â â‚¬"
fergy-deep-dish-mitte,Deep Pepperoni 2pcs,"10,00Â â‚¬Beliebt"
fergy-deep-dish-mitte,Deep Bolo 2pcs,"10,00Â â‚¬"
fergy-deep-dish-mitte,Deep Mac & Cheese 2pcs,"11,00Â â‚¬Beliebt"
fergy-deep-dish-mitte,Deep Cheddar 2pcs,"9,00Â â‚¬"
fergy-deep-dish-mitte,Deep Mushroom 2pcs,"10,00Â â‚¬Beliebt"
fergy-deep-dish-mitte,BBQ Sauce,"1,50Â â‚¬"
fergy-deep-dish-mitte,Togarashi Mayo,"1,50Â â‚¬Beliebt"
fergy-deep-dish-mitte,Caesar Creme,"1,50Â â‚¬"
fergy-deep-dish-mitte,Truffle Mayo,"2,00Â â‚¬"
fergy-deep-dish-mitte,Twinkies Original (1pcs),"2,00Â â‚¬(38 g, 52,63Â â‚¬/kg)"
fergy-deep-dish-mitte,100 ml Ben & Jerryâ€™s Chocolate Fudge Brownie,"4,50Â â‚¬(100 ml, 45,00Â â‚¬/l)"
fergy-deep-dish-mitte,100 ml Ben & Jerryâ€™s Cookie Dough,"4,50Â â‚¬(100 ml, 45,00Â â‚¬/l)"
fergy-deep-dish-mitte,100 ml Ben & Jerryâ€™s Peanut Butter Cup,"4,50Â â‚¬(100 ml, 45,00Â â‚¬/l)"
fergy-deep-dish-mitte,"Coca-ColaÂ® 0,33Â l","3,50Â â‚¬(330 ml, 10,61Â â‚¬/l)Zzgl. 0,15Â â‚¬ Pfand (MEHRWEG)"
fergy-deep-dish-mitte,"Coca-ColaÂ® Zero 0,33Â l","3,50Â â‚¬(330 ml, 10,61Â â‚¬/l)Zzgl. 0,15Â â‚¬ Pfand (MEHRWEG)"
fergy-deep-dish-mitte,"BRLO Naked Alkoholfrei 0,33 l","3,50Â â‚¬(330 ml, 10,61Â â‚¬/l)18+Zzgl. 0,08Â â‚¬ Pfand (MEHRWEG)"
fergy-deep-dish-mitte,Field NÂ°7 Watermelon,"3,50Â â‚¬"
fergy-deep-dish-mitte,Field NÂ°7 Peach,"3,50Â â‚¬"
fergy-deep-dish-mitte,Field NÂ°7 Pineapple Mango,"3,50Â â‚¬"
fergy-deep-dish-mitte,"Vio Spritzig 0,25 l","2,50Â â‚¬(250 ml, 10,00Â â‚¬/l)Zzgl. 0,15Â â‚¬ Pfand (MEHRWEG)"
fergy-deep-dish-mitte,"Vio Still 0,25 l","2,50Â â‚¬(250 ml, 10,00Â â‚¬/l)Zzgl. 0,15Â â‚¬ Pfand (MEHRWEG)"
fergy-deep-dish-mitte,"BRLO Helles 0,33Â l","4,00Â â‚¬(330 ml, 5 % Vol. Alkohol und 12,12Â â‚¬/l)18+Zzgl. 0,08Â â‚¬ Pfand (MEHRWEG)"
